R1,R2,R3,R4,R5,R6,R7,R8,R9,R10,R11,R12,R13,R14,R15,R16,R17,R18,R19,R20,R21,R22,R23,R24,R25,R26,R27,R28,R29,R30,R31,R32,R33,R34,R35,R36,R37,R38,R39,R40,R41,R42,R43,R44,R45,R46,R47,R48,R49,R50,R51,R52,R53,R54,R55,R56,R57,R58,R59,R60,R61,R62,R63,R64,R65,R66,R67,R68,R69,R70,R71,R72,R73,R74,R75,R76,R77,R78,R79,R80,R81,R82,R83,R84,R85,R86,R87,R88,R89,R90,R91,R92,R93,R94,R95,R96,R97,R98,R99,R100,R101,R102,R103,R104,R105,R106,R107,R108,R109,R110,R111,R112,R113,R114,R115,R116,R117,R118,R119,R120,R121,R122,R123,R124,R125,R126,R127,R128,R129,R130,R131,R132,R133,R134,R135,R136,R137,R138,R139,R140,R141,R142,R143,R144,R145,R146,R147,R148,R149,R150,R151,WQI
3.596,3.608,3.01,3.613,3.376,2.278,1.341,3.457,3.354,1.99,2.555,3.584,3.944,3.455,2.932,1.905,1.992,3.778,4.368,4.434,4.347,4.333,3.921,4.026,4.716,5.039,4.862,4.487,4.229,4.029,4.644,5.435,5.239,4.363,4.356,5.121,4.45,4.513,5.196,5.522,3.445,2.339,2.862,3.876,4.182,3.889,3.464,3.642,2.735,2.43,4.047,3.702,3.042,2.867,3.14,2.459,2.303,3.251,3.29,3.562,3.42,2.185,2.107,2.805,3.283,2.224,1.797,2.195,2.885,2.49,2.803,3.488,3.42,4.179,4.665,4.07,2.3,2.118,3.184,4.116,3.297,3.789,5.157,4.541,4.736,4.523,3.432,3.852,4.838,5.309,4.491,4.007,4.047,4.596,5.506,4.728,3.964,4.853,5.972,5.469,4.382,5.32,5.874,5.555,4.861,5.702,6.368,6.179,5.158,4.889,4.962,4.89,4.28,4.396,4.519,4.056,4.243,4.665,4.683,3.698,2.987,2.712,2.736,2.727,2.186,2.095,3.408,3.857,3.02,1.83,2.513,4.011,4.558,3.522,4.598,4.912,4.433,4.899,4.864,4.494,4.082,3.774,2.793,1.966,2.307,1.528,1.938,3.371,2.206,1.522,1.778,333
2.954,3.047,3.116,4.264,4.409,3.481,2.376,3.403,3.432,2.635,2.589,3.893,4.53,3.933,3.317,3.474,4.058,4.391,3.539,3.665,4.186,3.797,4.975,6.497,6.763,4.287,4.035,4.583,4.186,4.297,4.436,4.78,5.553,5.167,4.996,5.315,4.736,4.166,4.213,4.764,3.537,3.825,5.028,4.663,5.207,5.489,4.879,4.136,2.924,2.329,3.262,4.795,4.323,2.897,3.876,3.212,3.052,4.238,3.251,2.729,3.09,3.802,3.754,3.284,3.046,3.782,2.501,1.683,3.111,3.946,3.417,2.736,3.776,4.6,5.205,5.223,3.492,3.714,4.75,4.545,2.907,3.363,5.167,4.587,4.26,4.021,3.627,3.508,3.892,4.449,4.573,3.507,3.482,4.838,5.531,5.253,4.933,5.278,5.126,4.73,4.691,5.688,6.933,6.739,5.209,6.102,5.679,4.834,5.47,5.508,5.379,5.456,5.877,5.606,4.982,4.509,3.99,4.678,5.479,4.185,3.472,3.381,3.639,4.134,4.03,3.756,4.003,4.058,3.212,2.084,2.702,3.782,4.315,4.058,5.079,5.718,5.945,6.598,4.884,3.519,3.985,3.691,3.026,2.353,2.04,1.74,2.625,4.026,2.901,1.745,1.871,222
2.487,2.943,2.529,3.728,2.987,1.889,1.996,2.102,1.618,1.272,2.154,3.663,4.047,3.16,2.614,2.258,2.943,4.473,3.544,2.975,3.13,3.304,3.276,3.672,4.314,4.097,3.357,2.962,3.424,4.075,4.329,4.78,6.057,4.535,3.555,4.076,3.388,3.325,3.918,4.524,3.74,2.961,2.896,3.61,3.586,3.347,3.289,3.296,1.764,1.103,3.08,2.358,2.161,3.462,5.139,3.463,1.951,2.678,2.772,2.985,3.085,2.741,2.566,2.503,2.664,3.271,2.16,1.522,2.868,3.708,3.435,2.878,3.401,3.802,4.271,4.333,2.385,2.73,3.872,3.44,2.114,3.091,5.367,5.049,5.177,4.335,2.373,3.281,4.139,4.258,3.878,3.528,3.397,3.646,4.411,4.416,4.238,4.559,4.981,4.029,3.175,5.218,5.355,4.551,4.304,5.774,5.675,4.539,4.13,4.391,4.596,4.783,5.8,4.653,3.22,3.418,3.695,3.856,3.538,2.477,2.14,1.763,1.33,3.02,2.848,2.089,3.18,3.494,2.979,2.005,1.251,3.077,4.521,3.382,4.341,5.017,4.55,3.341,3.737,4.302,3.732,1.972,1.276,1.599,1.861,1.029,1.869,3.905,2.32,1.331,1.218,212
1.364,1.4186,1.3789,1.4776,1.5063,1.4047,1.2648,1.5166,1.5443,1.3834,1.348,1.5462,1.6159,1.493,1.4612,1.4296,1.4831,1.6298,1.6076,1.576,1.6236,1.7724,1.8247,1.9095,2.0399,2.0772,2.0113,1.9715,2.028,1.9998,2.0169,2.0669,2.0682,1.9622,1.8951,1.8726,1.7082,1.7105,1.7503,1.6714,1.5735,1.5148,1.525,1.6043,1.7046,1.7621,1.7548,1.7253,1.5595,1.4434,1.5425,1.6226,1.6102,1.5382,1.5069,1.413,1.3415,1.3333,1.2924,1.2733,1.2274,1.111,1.0797,1.1166,1.1745,1.1889,1.1805,1.2322,1.3721,1.4696,1.424,1.3343,1.3842,1.5226,1.6677,1.7322,1.6263,1.5915,1.6323,1.665,1.5353,1.5739,1.7364,1.71,1.6788,1.6375,1.5801,1.5461,1.6406,1.7188,1.604,1.5643,1.6464,1.7777,1.7734,1.8693,1.9545,1.9279,2.0059,1.9638,1.8922,2.0462,2.128,2.1314,2.1062,2.1277,2.1824,2.1671,2.0085,1.9672,2.0069,2.0336,1.9184,1.8107,1.7732,1.8006,1.756,1.6615,1.535,1.3988,1.3018,1.2792,1.3232,1.3586,1.3551,1.3616,1.4336,1.4845,1.4386,1.3254,1.2892,1.4652,1.7141,1.9025,2.182,2.3169,2.3566,2.4979,2.2595,1.8379,1.4837,1.3665,1.2223,1.0919,1.0995,1.0856,1.1728,1.315,1.2341,1.0753,0.9929,116
1.3074,1.382,1.3476,1.3986,1.3403,1.3004,1.3719,1.3984,1.3865,1.3964,1.4864,1.5416,1.4909,1.4186,1.5479,1.4818,1.4152,1.5155,1.5707,1.6054,1.6433,1.7103,1.8013,1.9124,2.0005,1.9861,1.9764,1.9822,1.9784,1.8926,1.8767,1.9206,1.9387,1.9482,1.9302,1.8513,1.6654,1.6244,1.6665,1.6819,1.6836,1.6381,1.5949,1.6316,1.624,1.6299,1.6583,1.6171,1.5129,1.4779,1.5849,1.55,1.4152,1.3367,1.4973,1.4028,1.238,1.1978,1.3082,1.3346,1.2668,1.1845,1.1276,1.1613,1.2392,1.2114,1.1326,1.1438,1.299,1.3928,1.3956,1.3987,1.5186,1.5186,1.5588,1.6433,1.5063,1.5599,1.6441,1.5489,1.4944,1.5571,1.6728,1.6755,1.5308,1.4548,1.5357,1.5036,1.5419,1.6404,1.7106,1.6635,1.6306,1.675,1.7612,1.829,1.8929,1.9571,1.9271,1.8197,1.7741,1.963,2.055,2.0353,1.9835,2.0742,2.1411,2.0983,1.9479,1.9884,2.0169,1.9802,2.0155,2.0032,1.8709,1.6619,1.751,1.7593,1.5941,1.3694,1.2983,1.2879,1.2924,1.4635,1.4523,1.3528,1.3834,1.4687,1.4277,1.2691,1.2193,1.3972,1.6829,1.9462,2.2856,2.3922,2.338,2.4077,2.1196,1.7422,1.5041,1.3373,1.1691,1.0689,1.123,1.1384,1.181,1.235,1.1589,1.1013,1.0892,111
1.258,1.052,1.025,2.9,2.075,0.522,0.434,1.001,0.904,0.569,1.052,2.009,2.058,1.278,1.301,1.036,1.181,1.954,1.397,1.406,1.844,1.845,1.937,2.281,2.777,3.056,2.219,1.085,0.608,1.059,1.681,2.114,2.276,2.449,2.758,2.808,1.629,1.634,1.665,0.69,0.927,1.244,1.565,2.31,2.772,2.782,2.231,0.966,0.306,0.571,1.503,2.278,1.703,0.775,1.749,1.249,0.104,0.459,0.38,1.271,1.515,1.027,1.507,1.309,0.558,1.147,0.152,0.225,1.465,2.024,2.462,2.294,0.828,0.809,1.84,2.87,2.433,1.698,0.921,0.256,0.368,0.895,1.43,1.624,2.18,2.176,1.291,0.867,1.548,2.222,1.488,0.911,1.627,2.716,1.045,1.358,1.958,0.885,0.524,0.286,0.255,2.792,3.179,2.477,2.459,3.501,2.797,1.472,1.588,1.547,2.318,3.124,1.307,0.889,1.532,2.123,2.556,2.728,2.005,0.116,0.412,1.486,1.455,1.038,0.999,1.332,1.589,0.911,0.2,0.841,0.157,0.616,0.059,0.857,0.805,1.982,1.86,1.295,1.345,1.947,2.482,1.553,0.218,0.48,0.062,0.492,0.166,1.263,1.467,1.91,1.841,108
3.255,3.122,2.946,3.602,3.71,3.136,2.41,3.109,3.317,3.047,3.16,4.222,4.213,3.121,3.17,2.967,3.589,5.246,4.717,4.324,4.414,4.552,5.081,5.287,4.816,3.838,4.038,4.42,4.109,4.285,4.211,4.27,4.988,3.906,3.726,4.797,4.078,3.909,4.197,4.254,3.265,2.965,3.691,4.729,4.337,3.826,3.92,3.934,3.569,3.201,3.271,3.673,3.429,3.049,3.89,3.357,2.056,1.386,3.512,4.79,4.386,2.886,2.098,1.772,1.944,2.918,1.539,0.828,2.902,4.375,4.117,3.543,4.775,3.852,3.412,4.059,2.707,2.785,3.942,4.715,3.531,3.441,4.547,4.736,4.721,4.407,3.964,4.399,4.51,4.295,4.076,3.005,2.583,3.096,3.264,3.756,4.172,4.312,5.555,5.404,4.818,6.488,5.993,4.604,4.136,6.198,6.537,5.225,4.15,5.42,5.848,4.972,5.542,5.064,4.445,4.67,4.502,5.105,5.157,2.426,2.143,2.734,2.937,3.972,3.722,3.092,3.614,3.703,2.874,1.94,3.006,3.896,3.642,2.629,4.779,5.782,5.121,4.828,4.318,3.972,3.817,2.889,2.126,1.778,1.81,2.179,3.194,4.085,2.732,2.335,2.772,269
1.866,2.472,3.263,2.89,3.53,3.871,3.054,3.273,3.132,2.905,3.367,3.932,3.936,3.314,2.667,2.956,4.02,5.058,4.289,3.635,3.31,3.029,4.438,5.477,5.353,5,4.495,4.358,4.614,3.725,3.134,3.543,4.928,5.199,4.82,4.315,3.964,3.851,4.174,4.66,3.396,3.389,4.121,3.407,3.912,3.932,3.145,4.021,3.994,3.582,3.727,3.436,2.733,2.657,4.53,3.972,2.818,2.768,3.494,3.521,3.176,3.15,2.054,1.651,2.277,2.691,2.108,1.884,2.761,2.546,3.307,3.93,2.452,2.986,4.109,4.378,3.063,3.409,4.56,4.664,2.569,3.138,5.539,4.901,4.098,3.57,3.426,3.929,3.863,3.999,5.14,3.041,2.266,3.964,4.696,5.331,5.315,4.547,5.4,4.368,3.148,5.974,5.932,4.908,4.868,5.767,5.79,4.844,3.911,5.983,5.94,3.674,4.826,4.882,4.036,3.418,3.699,4.405,4.248,1.997,2.296,3.321,3.441,2.994,2.93,3.382,3.96,3.458,2.945,2.929,3.126,3.65,4.306,4.748,4.299,4.034,4.483,5.589,5.344,5.107,5.317,3.305,1.961,1.841,2.361,2.039,2.453,3.711,3.821,2.416,1.594,171
3.121,3.075,2.17,2.817,3.627,3.337,1.977,2.917,2.732,1.712,1.659,3.103,3.271,2.002,2.054,1.808,2.198,3.483,3.023,1.903,1.482,2.776,3.743,4.318,4.415,3.792,2.942,2.452,2.562,2.584,2.953,3.884,5.17,4.62,3.759,3.598,4.045,3.731,3.088,2.848,3.251,2.939,2.31,2.649,3.247,3.714,3.537,1.932,1.649,2.043,1.902,2.031,2.308,2.684,3.069,2.188,1.003,0.448,0.701,2.206,3.312,2.361,1.645,1.853,2.496,2.052,0.679,0.669,2.906,3.73,2.424,1.308,3.375,3.556,3.304,3.201,1.7,1.988,2.663,1.839,0.802,1.028,2.344,3.322,3.977,3.336,1.803,2.974,4.346,4.445,2.756,2.017,2.294,3.013,3.13,3.02,3.652,5.099,4.131,2.407,1.769,3.703,5.072,4.894,3.71,4.309,4.714,4.328,3.371,3.849,3.752,2.865,3.115,3.122,3.361,4.201,4.503,4.247,2.971,0.43,1.039,2.241,2.302,2.91,2.427,1.766,2.379,3.422,2.863,1.029,0.897,1.878,2.905,3.225,3.704,4.122,4.405,4.54,4.11,3.719,3.513,2.276,1.76,1.566,0.666,0.423,0.866,3.508,1.905,0.875,0.737,250
2.786,2.496,1.506,0.909,1.843,2.603,2.19,3.071,3.526,3.12,2.244,2.541,3.027,3.18,3.18,2.48,2.464,3.614,3.134,2.868,2.63,1.904,3.8,5.286,5.087,4.43,4.15,3.975,3.57,3.173,3.246,3.564,3.624,3.612,4.263,4.817,2.709,2.649,3.563,3.634,3.405,3.299,3.372,3.4,2.767,3.061,4.473,4.84,2.999,1.521,2.625,2.734,2.34,2.335,3.571,3.261,2.336,1.859,2.037,2.514,2.898,2.912,2.984,2.741,2.2,1.795,1.612,1.892,2.674,3.61,3.515,3.112,3.793,3.907,4.278,4.569,2.504,2.124,2.788,2.909,2.603,3.476,4.525,3.155,3.285,2.821,1.193,3.235,4.495,4.799,5.259,4.196,3.216,3.287,4.342,4.458,4.238,4.656,6.061,4.508,2.14,4.306,5.212,4.845,4.213,4.735,5.553,5.822,5.009,4.216,4.334,5.02,4.671,4.198,3.739,3.422,3.834,4.821,4.779,1.85,1.089,1.788,2.74,3.441,3.083,2.636,3.275,3.253,2.158,0.992,2.15,3.625,4.475,4.39,4.118,4.32,4.89,5.177,4.938,4.273,3.438,2.931,1.721,0.938,1.961,1.998,2.582,3.89,4.045,2.865,1.677,220
4.741,4.719,5.159,5.466,4.966,4.328,4.25,4.832,4.592,4.263,5.166,5.848,5.068,3.736,4.798,4.738,4.989,6.472,6.194,6.17,6.043,5.059,6.609,7.98,7.979,7.619,6.684,5.952,5.962,6.157,6.225,6.811,8.454,7.491,6.583,6.887,6.987,6.696,6.173,5.7,5.441,6.034,6.645,5.951,6.339,6.515,6.033,6.355,5.094,4.244,5.589,5.074,4.891,5.593,6.31,5.349,4.56,4.836,4.094,4.032,4.553,4.89,4.28,4.244,4.911,4.93,3.845,3.857,5.783,5.324,5.017,5.299,5.567,5.236,5.583,6.284,4.528,4.775,6.035,6.246,5.4,5.203,5.757,6,7.19,7.47,6.128,5.673,6.628,7.604,6.805,5.47,5.122,5.998,6.835,7.31,7.251,6.882,7.53,6.605,5.745,8.585,9.07,8.422,8.054,7.772,7.952,7.736,6.444,6.901,7.336,7.07,6.892,6.535,6.169,6.098,6.881,7.292,6.676,4.969,3.542,3.945,5.827,5.336,4.588,4.539,5.394,5.335,5.099,4.878,4.117,5.757,6.889,5.435,6.87,7.283,6.664,7.412,7.461,6.859,6.035,5.631,4.593,3.708,3.938,2.284,2.278,4.199,3.738,2.85,2.691,444
3.391,3.961,3.677,3.199,3.55,3.245,1.814,2.873,3.291,3.07,3.377,3.658,3.887,3.979,3.762,3.091,3.218,4.594,5.129,4.167,3.061,3.773,5.679,6.174,5.177,5.474,5.223,4.319,3.372,3.99,4.569,4.974,5.632,5.686,5.238,4.487,3.635,3.581,4.276,4.96,3.329,3.357,4.618,4.438,4.962,4.955,4.212,4.613,3.576,2.62,3.463,4.025,3.792,3.268,3.528,2.75,2.816,4.244,3.858,3.404,3.648,4.556,3.686,3.109,3.326,3.064,2.301,2.092,2.939,3.295,4.003,4.478,3.819,4.115,4.83,4.928,3.029,3.141,4.534,5.197,3.691,3.6,4.762,4.348,4.85,4.95,3.984,3.844,3.828,4.159,4.979,4.062,3.761,4.472,4.019,4.641,4.977,3.985,4.428,4.833,5.131,5.995,5.936,5.328,5.033,6.486,6.906,6.206,5.439,5.9,5.782,5.129,6.086,5.452,4.162,3.831,5.322,5.604,4.314,2.918,2.419,2.294,2.336,3.593,2.803,1.647,2.742,2.87,2.683,2.615,2.608,4.099,4.881,3.642,5,5.241,4.482,5.15,4.379,4.092,5.029,4.04,3.393,2.949,1.948,1.595,2.142,3.362,4.559,3.162,1.526,311
1.0189,1.0583,1.105,1.2464,1.2161,1.0832,1.0043,1.1899,1.2356,1.1716,1.2007,1.3048,1.28,1.1422,1.1453,1.1898,1.2875,1.4078,1.3532,1.3636,1.4537,1.5354,1.5566,1.6285,1.7463,1.7674,1.7065,1.6859,1.7554,1.7005,1.6427,1.6785,1.8297,1.6977,1.5743,1.5769,1.5313,1.5289,1.5431,1.5338,1.4913,1.5563,1.6303,1.517,1.4659,1.4686,1.4977,1.5445,1.5181,1.4841,1.4985,1.3868,1.2745,1.2643,1.3977,1.2831,1.1263,1.113,1.2233,1.2786,1.207,1.0321,0.9838,1.0298,1.1166,1.1852,1.1581,1.1768,1.3352,1.5096,1.4781,1.4077,1.5856,1.5691,1.5205,1.5221,1.4631,1.498,1.532,1.453,1.3348,1.3615,1.5176,1.6263,1.5536,1.4409,1.4091,1.4429,1.4642,1.4826,1.5375,1.6181,1.66,1.7044,1.9104,1.9276,1.9378,2.1075,2.1419,1.9829,1.8791,2.1889,2.1806,2.0316,1.9756,2.1282,2.2096,2.0819,1.7688,1.7912,1.8885,1.9043,1.851,1.7577,1.6742,1.6406,1.6658,1.6519,1.5665,1.4304,1.3189,1.2186,1.1747,1.3983,1.3817,1.2881,1.442,1.5902,1.5105,1.3022,1.4095,1.5833,1.7762,1.9937,2.3039,2.43,2.3902,2.3802,2.1313,1.8104,1.5446,1.2309,1.1416,1.1653,1.0806,1.0397,1.1076,1.2206,1.165,1.0969,1.0405,95
2.568,2.744,2.41,3.935,5.095,4.709,3.039,3.346,3.643,3.596,3.647,4.712,4.459,3.06,3.434,3.149,3.255,4.421,4.659,4.492,4.207,4.091,4.705,5.402,5.494,4.442,4.217,4.309,4.028,3.703,3.74,4.498,5.913,5.624,4.732,4.136,4.054,4.075,3.873,3.409,3.392,3.727,4.09,4.083,3.952,4.124,4.354,3.364,2.379,2.329,3.369,3.16,2.926,3.32,4.325,3.88,3.2,3.206,3.278,3.274,3.115,2.82,2.618,2.58,2.871,3.651,2.362,1.169,2.048,4.226,4.142,3.24,4.771,4.535,4.093,4.103,3.181,3.619,4.086,3.104,2.419,3.248,4.951,5.554,5.247,4.518,3.949,4.167,4.628,5.26,5.907,4.902,4.127,4.289,4.45,4.338,4.72,5.895,5.887,4.645,3.795,5.534,5.787,5.271,5.231,6.789,7.424,6.503,4.756,5.976,6.164,4.678,4.912,4.61,3.899,3.667,5.859,6.058,4.207,3.027,2.658,2.756,2.847,2.367,2.516,3.08,3.373,3.322,2.821,2.27,2.596,3.632,4.572,4.903,5.732,5.461,4.809,5.713,4.847,3.808,3.689,3.044,2.882,2.548,1.239,1.182,2.493,4.145,3.944,3.232,2.111,213
3.765,3.396,3.501,4.432,4.129,3.163,2.755,4.534,4.574,3.424,3.446,4.888,4.875,3.212,2.727,3.138,4.062,4.845,4.287,4.003,4.019,3.856,4.678,5.283,5.311,5.514,5.724,5.785,5.625,5.377,5.347,5.754,6.51,5.962,5.241,5.073,5.332,5.445,5.147,4.385,3.224,3.35,4.099,3.719,4.174,4.192,3.477,3.7,4.027,4.054,3.693,3.619,3.471,3.694,4.997,3.697,2.377,2.789,3.271,3.775,4.015,3.749,2.983,2.572,2.955,4.01,3.184,2.632,3.779,3.408,3.836,4.476,3.793,4.351,5.216,5.34,3.986,3.767,4.497,5.034,3.796,3.906,5.239,5.309,5.63,5.289,4.008,3.384,4.58,6.057,5.642,4.815,4.575,4.863,4.473,5.213,6.532,7.284,6.318,4.952,4.537,6.034,6.509,6.149,5.746,6.437,6.362,5.741,5.468,5.62,5.799,5.898,6.16,6.324,5.955,5.195,6.236,6.221,4.967,3.985,3.176,3.17,4.033,4.775,4.493,3.945,4.305,5.189,4.694,3.037,2.848,3.619,4.676,5.398,5.75,5.52,5.042,4.905,3.855,3.827,5.125,3.678,2.519,2.32,2.705,2.522,3.127,4.412,4.238,3.36,2.988,381
2.403,2.575,3.654,3.919,3.597,2.748,1.831,2.321,3.03,3.174,2.592,3.867,3.544,1.706,2.435,3.147,3.49,3.523,3.197,2.987,2.688,2.143,3.502,5.069,5.666,5.088,4.468,4.249,4.337,3.569,3.779,4.533,4.539,5.077,4.666,3.45,3.789,3.361,3.493,4.859,3.107,3.297,4.661,3.587,3.487,3.594,3.408,3.504,3.369,3.064,2.964,4.157,3.828,2.605,3.353,2.547,2.154,3.153,3.073,2.861,2.662,2.461,2.674,2.486,2.172,2.988,1.515,0.834,2.974,3.907,3.447,3.005,4.313,4.033,4.117,4.9,3.797,2.815,3.012,4.219,2.566,2.576,4.209,4.068,3.695,3.826,4.33,3.265,3.691,4.809,4.606,3.657,3.54,4.212,3.733,4.406,5.179,4.874,4.596,3.672,3.162,4.791,4.91,4.873,5.654,6.3,5.964,5.066,4.543,5.063,5.114,4.637,5.221,4.549,3.951,4.582,4.458,4.231,3.878,3.093,3.039,2.752,1.988,2.419,2.707,3.047,3.877,4.02,2.867,1.493,2.69,3.733,4.457,5.079,4.957,4.8,4.749,4.573,4.598,4.574,4.164,2.9,2.211,1.874,1.187,0.829,1.911,3.573,2.519,1.149,0.885,199
3.417,4.087,4.38,3.843,3.25,3.463,4.423,3.731,3.214,3.376,4.062,5.006,4.847,3.941,4.396,4.004,4.02,5.184,5.17,5.118,5.371,5.874,6.176,6.551,6.963,6.983,6.894,5.86,4.067,5.14,5.995,6.333,6.993,6.789,6.707,6.777,5.653,5.239,4.94,4.2,4.505,5.457,6.151,5.643,5.365,5.153,4.776,4.181,3.392,3.29,4.256,3.865,3.849,4.281,3.97,2.559,2.07,3.259,3.802,4.407,4.815,4.537,3.326,2.595,2.801,3.305,2.37,2.414,4.658,5.043,4.248,3.459,3.965,4.872,5.538,5.294,3.359,3.901,5.187,4.691,3.495,3.969,5.483,5.302,5.052,5.166,5.475,4.729,5.308,6.181,5.559,5.858,6.003,5.699,5.802,6.881,7.453,6.634,7.23,6.738,5.815,6.863,7.797,7.472,6.386,8.008,8.245,7.138,6.213,6.223,6.165,5.955,6.57,5.682,5.268,6.674,6.216,5.497,5.062,4.719,3.495,2.808,3.408,4.4,3.81,2.87,3.46,3.656,2.909,1.988,2.971,5.264,6.919,6.615,6.002,5.976,6.329,6.162,6.388,6.104,4.889,3.766,2.733,1.969,1.667,1.857,3.05,4.544,4.124,3.064,2.477,316
2.472,3.122,2.956,3.826,4.08,2.952,1.318,4.089,4.497,2.856,2.422,3.587,4.673,4.671,3.581,3.202,3.204,3.164,3.771,3.724,3.33,3.574,4.794,5.868,5.845,4.218,3.709,3.893,3.972,4.172,4.956,5.913,6.214,5.359,5.303,6.048,4.982,3.887,3.827,4.738,3.516,3.508,4.259,3.536,4.344,4.87,4.201,3.531,2.966,3.008,3.818,4.181,3.796,3.396,4.166,2.972,2.42,3.67,3.447,3.044,2.94,3.163,2.636,1.791,1.502,2.821,2.538,2.066,2.72,2.963,3.324,3.504,3.151,4.491,5.375,4.769,3.748,3.559,4.04,4.409,3.242,3.506,4.966,5.029,4.531,4.18,4.137,3.219,4.052,5.228,4.418,4.19,3.824,3.427,4.258,4.821,4.613,3.986,5.34,5.202,4.348,5.835,5.426,5.37,6.642,6.154,5.949,5.767,4.909,4.629,4.921,5.394,5.343,5.109,4.942,4.931,4.726,4.452,3.932,2.926,2.403,2.427,2.952,4.123,4.225,3.543,2.975,1.912,1.598,2.424,3.707,4.225,4.29,4.464,4.617,5.337,6.273,6.406,4.851,3.89,4.375,3.246,2.369,1.826,1.355,2.854,4.024,3.779,2.923,2.637,2.889,211
2.204,2.828,2.643,1.92,2.529,2.471,0.947,2.513,3.089,2.46,2.149,3.465,2.899,0.895,2.163,2.007,1.604,2.233,2.437,2.11,1.71,1.957,3.252,4.08,4.001,3.934,3.832,3.915,4.146,3.644,3.662,4.335,4.983,3.41,3.014,4.382,4.07,3.126,2.372,2.204,1.629,1.631,2.713,4.631,3.624,2.855,3.623,3.267,2.476,2.066,2.416,1.91,1.301,1.504,3.153,2.636,2.025,2.601,2.433,1.943,1.6,1.747,1.78,1.12,0.46,1.542,0.503,0.11,1.689,3.179,3.095,2.263,2.411,2.506,2.661,2.829,2.611,2.731,2.573,1.607,0.835,1.663,3.308,3.451,2.682,2.117,2.487,3.671,4.172,3.659,2.484,1.453,1.956,3.349,2.716,2.686,3.16,3.554,3.995,3.268,2.692,4.664,4.382,3.725,4.239,5.224,5.591,4.783,3.117,3.92,4.919,4.912,4.267,3.904,3.657,3.324,3.567,3.489,2.676,1.284,1.732,2.169,1.733,2.604,2.465,2.123,3.005,3.495,2.467,0.894,1.937,2.532,2.368,2.213,4.366,5.037,3.967,3.327,3.324,3.571,3.523,2.52,1.465,0.869,0.899,0.587,1.149,2.409,2.281,1.928,1.771,181
1.2698,1.3224,1.3588,1.4128,1.401,1.3628,1.3591,1.4444,1.4957,1.5085,1.5329,1.6086,1.5821,1.4793,1.5179,1.4917,1.4881,1.5702,1.5846,1.6503,1.7058,1.6645,1.7855,1.9767,2.1103,2.0627,2.0417,1.9973,1.9084,1.9965,2.0876,2.1256,2.1122,2.0245,1.9554,1.9107,1.7801,1.7887,1.8078,1.712,1.6525,1.6988,1.756,1.6692,1.6709,1.7316,1.7673,1.6575,1.5826,1.5751,1.6052,1.5945,1.5563,1.5383,1.5867,1.4005,1.3096,1.4473,1.3822,1.3416,1.3038,1.21,1.2415,1.2767,1.2878,1.3489,1.3245,1.3074,1.3786,1.4773,1.4806,1.4584,1.5488,1.5804,1.6607,1.762,1.6338,1.579,1.6133,1.6599,1.6091,1.6595,1.7735,1.749,1.7567,1.7323,1.6447,1.5912,1.6889,1.8105,1.778,1.7726,1.7833,1.8421,2.0392,2.084,2.1207,2.2741,2.2521,2.1529,2.1076,2.2327,2.2538,2.2007,2.1772,2.367,2.35,2.2105,2.1878,2.2656,2.2515,2.1199,2.0377,2.0883,2.0809,1.9097,1.9471,1.9596,1.8393,1.5886,1.4469,1.4652,1.5737,1.5332,1.496,1.5464,1.6944,1.6876,1.5817,1.4927,1.5738,1.6666,1.844,2.1683,2.5227,2.7283,2.7718,2.7435,2.4758,2.1087,1.7886,1.5849,1.4704,1.4058,1.3498,1.3019,1.3501,1.4592,1.4353,1.323,1.2563,108
4.012,4.524,3.949,4.12,4.487,4.549,4.258,4.8,4.977,4.491,3.708,4.306,4.764,4.428,3.86,3.622,4.543,6.463,6.892,5.646,4.25,4.658,5.808,6.841,7.217,6.802,6.484,5.946,5.044,4.721,6.033,7.222,5.919,6.028,6.257,5.932,5.717,5.716,5.467,4.773,4.624,5.272,6.08,6.002,5.34,5.334,5.889,4.763,4.105,3.949,3.971,5.043,5.485,5.251,5.4,4.257,3.303,3.416,3.387,4.036,4.613,4.3,5.007,4.646,3.434,3.887,3.22,2.627,3.256,4.167,4.14,3.96,5.088,5.636,5.692,5.337,4.349,4.132,4.237,4.029,4.39,4.481,4.743,6.363,7.094,6.362,4.788,4.848,5.429,5.742,5.304,5.038,4.922,5.09,5.908,5.886,5.772,6.358,6.854,6.213,5.739,7.776,8.491,7.919,7.053,7.697,7.919,7.434,6.747,7.227,7.39,6.736,6.033,6.123,6.283,5.901,5.985,5.974,5.336,3.791,3.3,3.101,2.849,3.766,4.698,4.986,4.367,3.566,3.13,3.224,3.605,4.741,5.894,6.436,7.06,7.54,7.596,6.975,6.079,5.327,4.712,3.302,2.218,2.139,3.138,2.736,3.173,4.527,3.77,2.606,2.277,381
3.37,2.959,2.785,4.519,3.837,2.314,2.194,4.424,4.877,4.117,4.34,3.497,3.289,3.741,2.981,3.553,4.344,4.389,5.128,5.215,4.391,3.33,5.052,6.711,6.685,5.314,4.371,4.661,5.769,4.723,3.944,4.333,5.624,5.057,4.926,5.512,4.115,3.98,5.249,6.582,4.394,3.447,4.103,4.259,4.854,4.494,3.298,4.003,2.922,2.276,4.137,3.241,2.532,3.348,5.306,3.892,2.3,2.54,1.909,3.089,4.274,3.112,3.126,3.228,2.972,2.756,2.433,2.243,2.536,4.033,3.771,2.321,2.079,4.539,5.255,3.229,2.992,2.876,2.898,3.173,2.623,3.058,4.283,4.629,4.728,3.801,2.206,3.151,4.489,5.098,4.536,4.151,3.981,4.078,4.6,5.034,5.197,5.197,5.926,5.064,3.831,5.344,6.855,6.797,5.258,4.979,5.95,6.585,5.368,4.932,5.07,5.382,5.453,5.588,5.229,4.226,4.198,4.388,4.133,3.035,2.741,2.52,2.251,3.72,4.328,3.948,3.377,2.881,2.838,3.045,2.7,4.261,5.335,4.189,5.18,5.524,5.072,5.311,4.747,3.904,3.294,2.821,2.525,2.659,3.376,3.756,4.181,4.508,3.83,2.549,1.825,294
0.549,1.044,1.157,1.889,1.939,1.449,0.925,1.051,0.562,0.116,0.897,1.957,1.76,0.837,1.782,1.638,1.607,2.573,2.445,2.242,1.87,1.187,2.699,3.821,3.577,3.205,2.993,3.094,3.345,2.899,2.554,3.049,4.599,4.316,3.401,2.752,2.401,2.793,3.33,3.337,2.627,2.515,2.976,3.117,1.934,1.632,2.604,2.023,0.805,0.813,2.855,2.672,1.807,1.609,2.865,2.324,1.721,2.154,1.958,2.69,3.056,1.639,1.874,1.112,0.042,2.194,2.056,0.98,1.115,2.686,3.385,2.825,1.885,2.533,3.523,3.689,2.432,2.2,2.996,3.688,1.502,1.744,3.921,3.409,3.65,3.504,2.515,3.113,4.006,4.251,3.298,2.098,2.772,4.583,3.54,2.938,3.24,3.877,3.133,2.718,3.642,5.99,5.721,4.813,4.932,5.633,5.67,5.027,4.295,4.369,4.331,4.097,4.559,4.443,3.805,3.176,3.519,4.184,3.801,1.148,1.057,2.204,2.969,2.804,2.334,2.612,4.102,3.268,1.93,1.441,2.212,3.89,4.709,3.742,3.708,3.663,4.079,5.952,5.006,3.66,3.681,3.547,2.645,1.249,0.201,0.731,2.258,3.588,2.996,2.192,1.371,71
1.829,2.417,2.317,4.074,3.436,1.899,1.479,2.48,2.833,2.217,1.453,2.93,3.214,1.881,2.039,2.258,2.472,2.877,3.899,3.462,2.813,3.932,3.136,3.842,5.848,4.604,3.92,3.318,2.484,4.289,4.96,4.585,4.838,3.988,3.936,4.569,3.005,3.324,4.401,4.344,2.708,3.399,4.933,3.451,4.173,4.257,2.941,3.914,3.405,2.61,3.141,2.509,1.997,2.328,3.52,3.068,2.719,3.361,2.968,1.988,1.43,2.118,2.646,2.811,2.99,3.921,2.097,1.053,3.049,3.261,2.972,3.004,3.768,3.462,3.625,4.141,2.13,1.996,3.452,4.659,3.282,2.512,3.21,4.266,4.501,4.231,3.908,3.655,3.446,3.496,3.808,2.411,2.645,4.579,4.194,3.558,3.481,4.212,5.384,4.294,2.769,4.898,5.312,4.531,4.034,5.77,5.629,4.339,4.107,4.601,4.875,4.705,4.679,3.58,2.984,3.974,4.288,3.847,2.859,1.907,2.849,3.578,3.025,3.033,3.611,3.449,1.628,2.507,2.682,1.394,1.341,3.19,4.862,4.776,5.427,5.367,4.836,5.032,4.245,3.771,4.07,2.955,1.989,1.788,2.328,1.845,2.289,3.486,2.3,1.43,1.574,167
1.0802,1.1592,1.1654,1.1669,1.0789,1.0001,1.0357,1.2416,1.2754,1.1732,1.1349,1.1933,1.2453,1.2363,1.1819,1.2062,1.2544,1.2794,1.3696,1.3598,1.3243,1.407,1.4714,1.5086,1.5146,1.4845,1.5671,1.6176,1.5369,1.521,1.5425,1.5723,1.5772,1.5368,1.5436,1.5596,1.3809,1.4454,1.5271,1.3964,1.3324,1.3085,1.3111,1.326,1.3193,1.2727,1.2332,1.3457,1.2414,1.1542,1.3151,1.2411,1.1272,1.0896,1.1549,1.1196,1.0668,1.0658,1.0742,1.0813,1.0742,1.051,1.0669,1.021,0.9663,1.0937,0.972,0.8974,1.0845,1.1548,1.1,1.0562,1.1892,1.2079,1.2935,1.428,1.2552,1.2183,1.3094,1.3753,1.2086,1.1777,1.3255,1.4309,1.3482,1.272,1.3131,1.2777,1.3231,1.4275,1.4956,1.4299,1.438,1.5598,1.6183,1.5522,1.5245,1.6366,1.6082,1.4932,1.4532,1.6626,1.6449,1.5774,1.6043,1.6366,1.7194,1.7193,1.5361,1.5921,1.6538,1.615,1.551,1.5015,1.4465,1.3883,1.4678,1.4566,1.335,1.2214,1.1634,1.1074,1.0606,1.1916,1.1888,1.1509,1.2536,1.2018,1.0836,1.0139,1.1054,1.254,1.3871,1.5006,1.8141,1.948,1.9132,1.9563,1.737,1.4161,1.1518,0.9325,0.9327,1.0201,0.9742,0.8886,0.9174,1.0392,1.0107,0.8942,0.7924,97
1.6614,1.6027,1.6643,1.7981,1.747,1.6395,1.6306,1.731,1.7902,1.7691,1.7123,1.8095,1.8884,1.9131,2.0128,2.0338,2.1048,2.2801,2.2822,2.2408,2.1953,2.175,2.3862,2.4393,2.2743,2.2376,2.2569,2.3006,2.3136,2.1412,2.1928,2.356,2.3153,2.3008,2.3077,2.3137,2.2995,2.3223,2.3675,2.3961,2.3471,2.3224,2.3401,2.3547,2.2487,2.1069,2.0207,2.0574,1.9499,1.8067,1.7866,1.8033,1.6841,1.571,1.7757,1.6891,1.5638,1.5942,1.6087,1.6506,1.6731,1.6476,1.8045,1.8029,1.658,1.7463,1.7724,1.746,1.7419,1.8622,1.8989,1.8395,1.7819,1.8298,1.8961,1.8868,1.7246,1.7731,1.8729,1.8042,1.6981,1.7465,1.9265,2.0511,2.0891,2.0813,2.0753,2.0905,2.2218,2.3741,2.4129,2.4819,2.5195,2.5524,2.719,2.8753,2.8861,2.7261,2.6993,2.6248,2.5352,2.575,2.5514,2.4253,2.2734,2.3544,2.4377,2.3938,2.2009,2.1827,2.2756,2.354,2.261,2.2423,2.2204,2.1438,2.3013,2.3354,2.2038,2.0767,2.0781,2.1239,2.1431,2.149,2.1257,2.1495,2.2792,2.3128,2.1804,1.9815,1.988,2.1695,2.3982,2.5851,2.9025,3.0009,2.913,2.9012,2.6432,2.2515,1.8679,1.549,1.4484,1.4815,1.4745,1.4117,1.3944,1.4403,1.4518,1.3982,1.3861,157
1.6127,1.6141,1.5058,1.6338,1.6322,1.5299,1.4578,1.617,1.5865,1.4834,1.6042,1.7948,1.7532,1.5609,1.6881,1.703,1.7165,1.8372,1.8931,1.934,1.9922,2.0766,2.0683,2.1358,2.2852,2.3244,2.2631,2.1999,2.2017,2.1802,2.2436,2.3215,2.2805,2.2111,2.1177,2.0074,1.8982,1.8959,1.9616,2.0003,1.842,1.889,2.0325,1.9216,1.897,1.9327,1.9547,1.8782,1.8366,1.8524,1.8875,1.8159,1.6886,1.6404,1.8052,1.577,1.374,1.433,1.3333,1.3009,1.343,1.3909,1.3771,1.4061,1.469,1.4429,1.4192,1.5255,1.7661,1.833,1.6658,1.5255,1.7415,1.7905,1.7931,1.8096,1.7276,1.6897,1.6878,1.6813,1.6769,1.704,1.7362,1.7183,1.8144,1.8544,1.7622,1.7647,1.7824,1.8043,1.8505,2.0095,2.0784,2.0349,2.0839,2.2739,2.3995,2.325,2.3518,2.3324,2.2943,2.359,2.404,2.3716,2.2853,2.3024,2.3393,2.307,2.158,2.0687,2.12,2.2351,2.1811,2.051,1.9622,1.9773,1.9825,1.8862,1.7248,1.616,1.5667,1.5717,1.6045,1.6092,1.5843,1.6033,1.7244,1.7675,1.7101,1.635,1.7244,1.8565,2.0448,2.3094,2.6292,2.7372,2.6679,2.6379,2.3842,2.0331,1.7158,1.4478,1.3663,1.3381,1.1813,1.1672,1.2285,1.2813,1.2546,1.1776,1.1249,152
1.948,2.038,2.092,3.29,3.637,2.949,2.016,3.253,2.888,1.621,1.742,2.173,2.559,2.617,2.173,2.451,3.061,3.335,2.668,3.039,3.777,3.427,3.627,4.344,5.006,4.646,4.283,3.908,3.483,3.48,3.805,4.209,4.406,4.634,3.995,2.957,3.714,4.636,5,4.514,3.354,2.936,3.27,3.511,3.605,3.317,2.922,3.48,2.313,1.607,3.238,2.224,1.398,2.17,4.332,3.104,2.075,3.113,2.124,2.439,2.9,1.619,1.446,1.493,1.742,3.077,2.318,1.646,2.833,3.868,3.168,2.2,3.397,3.367,3.359,3.782,3.269,2.867,3.092,3.685,1.812,2.034,4.223,4.758,4.789,4.018,2.752,2.907,3.648,4.562,5.11,3.276,2.593,4.085,5.436,4.902,4.307,5.135,4.687,3.611,3.229,4.91,5.655,5.673,5.649,6.332,6.657,5.764,3.647,4.166,4.833,4.709,4.923,4.35,3.718,3.827,4.526,4.48,3.464,2.141,2.033,2.309,2.364,2.683,2.913,2.994,2.989,3.092,2.438,1.636,2.929,3.727,4.284,5.168,5.786,5.268,4.291,4.393,3.887,3.146,2.708,2.923,2.954,2.379,1.254,1.104,2.379,3.863,2.431,1.781,2.368,171
3.099,2.54,2.262,4.477,4.768,3.567,2.568,4.127,4.036,2.827,2.836,3.56,3.472,2.837,3.767,3.894,3.834,4.277,4.615,4.058,3.482,4.194,5.043,5.474,5.672,6.525,6.41,5.351,4.163,4.742,5.687,6.359,6.388,4.48,3.873,4.95,4.152,3.831,3.926,3.937,3.733,4.085,4.682,4.742,5.422,5.716,4.998,3.508,2.681,2.741,3.384,4.191,3.937,3.25,3.902,3.751,3.165,2.93,4.074,3.56,2.915,4.255,3.551,2.964,3.247,3.435,2.911,2.661,3.333,3.908,3.62,3.339,4.313,3.572,3.693,4.829,3.036,3.266,4.649,4.929,2.862,2.861,4.962,5.846,5.555,4.657,3.911,4.197,4.886,5.156,4.435,4.042,4.696,5.792,5.316,4.911,5.318,6.462,6.565,5.257,4.228,5.99,6.764,6.278,5.488,6.822,7.395,6.646,5.173,4.718,4.556,4.61,5.608,4.914,4.324,5.348,5.393,5.011,4.304,3.244,2.968,3.744,4.829,3.728,3.448,3.694,3.35,3.961,3.816,3.008,3.794,4.872,5.372,5.026,5.155,5.322,5.381,5.381,5.405,5.212,4.698,4.104,3.607,3.259,2.913,1.458,1.58,3.241,2.716,2.39,2.333,247
1.8234,1.7852,1.6954,1.8688,1.9664,1.8861,1.7046,1.8275,1.867,1.834,1.891,2.007,2.0279,1.986,2.1068,2.1526,2.1832,2.2521,2.2369,2.224,2.2666,2.3722,2.3533,2.4364,2.5902,2.4803,2.3648,2.3173,2.3378,2.3365,2.3804,2.4807,2.5943,2.5085,2.4628,2.5349,2.5536,2.5135,2.4639,2.4381,2.3538,2.3493,2.3803,2.3214,2.3468,2.2913,2.1537,2.2368,2.0695,1.8685,1.9118,1.9305,1.7928,1.6702,1.8914,1.834,1.7261,1.7587,1.8113,1.7471,1.695,1.814,1.8653,1.8833,1.8938,1.8954,1.7582,1.7091,1.8745,1.9492,1.8849,1.857,2.0726,2.0082,1.9485,1.9783,1.7929,1.8379,1.9533,1.9176,1.9515,1.9834,2.0629,2.299,2.312,2.2702,2.3124,2.3171,2.4329,2.598,2.6742,2.5928,2.6256,2.7974,2.8266,2.8344,2.8663,2.9119,2.8249,2.7452,2.727,2.7479,2.6195,2.4835,2.4617,2.5672,2.5753,2.5368,2.5709,2.5536,2.4901,2.4401,2.5088,2.5323,2.5014,2.4797,2.6573,2.7008,2.5411,2.3067,2.2433,2.2609,2.2826,2.3566,2.431,2.4675,2.4491,2.4499,2.386,2.2787,2.2739,2.3807,2.57,2.7935,3.0014,3.1802,3.269,3.1801,2.8923,2.4331,1.9387,1.75,1.721,1.7257,1.6596,1.5839,1.5463,1.5939,1.774,1.7892,1.7091,166
2.095,2.624,3.497,3.522,3.305,2.66,1.894,3.158,2.977,2.383,3.625,3.462,2.872,2.697,3.246,3.111,3.339,4.242,2.768,2.322,3.069,3.803,4.607,5.317,5.532,4.66,3.376,3.139,4.339,4.132,4.159,4.507,4.571,4.261,4.245,4.376,3.455,3.294,3.859,4.408,3.435,2.909,3.365,4.312,4.621,4.417,4.088,4.185,3.358,2.429,2.384,2.281,2.286,2.897,4.507,3.426,2.415,3.161,3.423,3.296,2.945,2.635,2.535,2.255,2.095,2.953,2.415,2.26,3.754,4.722,4.329,3.121,2.455,3.415,3.617,2.647,3.292,3.372,3.172,3.218,2.107,2.643,4.125,3.493,4.106,4.443,3.677,4.023,4.386,4.666,4.927,4.043,3.756,4.417,4.568,4.588,4.8,5.295,5.468,4.679,4.263,6.259,5.666,4.998,5.882,6.424,6.248,5.177,3.653,4.366,4.992,4.686,4.525,4.138,3.978,4.303,4.302,4.248,3.857,2.672,1.932,2.318,3.413,2.904,2.328,2.561,3.801,3.905,3.104,2.144,2.147,4.315,6.048,5.331,5.018,5.249,5.645,5.469,4.715,3.925,3.56,3.947,2.747,1.193,1.472,1.692,2.378,3.287,3.038,1.937,1.721,176
2.651,2.945,3.04,4.702,4.836,3.619,2.234,2.55,2.86,2.734,2.445,2.926,3.213,2.97,2.689,2.674,3.441,4.798,4.778,4.202,3.314,2.471,3.903,5.655,6.297,5.445,4.936,4.716,4.418,3.991,4.404,5.44,6.224,6.033,5.33,4.58,4.083,3.067,2.783,3.887,3.66,3.877,4.464,4.383,4.135,3.738,3.528,4.435,3.479,2.62,3.791,2.972,2.265,2.426,3,2.589,2.475,3.357,4.139,3.454,2.661,3.388,2.732,3.144,4.464,3.812,2.234,1.439,2.396,4.11,3.551,2.19,3.265,4.272,4.788,4.677,3.915,3.837,4.198,4.245,3.012,3.393,5.254,6.165,6.232,5.409,4.193,4.183,4.357,4.654,5.098,4.014,3.807,4.799,4.639,4.82,5.021,4.846,5.063,4.708,4.297,5.115,5.826,5.659,5.001,6.372,6.736,6.128,5.498,3.974,4.427,6.434,5.918,5.024,4.606,4.911,5.177,5.577,5.358,3.592,3.58,3.531,2.873,4.924,4.035,2.468,4.075,4.384,2.807,0.89,2.176,3.652,4.32,4.094,4.168,4.28,4.599,5.395,4.696,4.48,5.28,3.297,2.145,2.066,1.973,1.053,1.78,3.853,3.265,2.502,2.172,219
3.06,3.583,4.226,4.895,4.658,3.411,2.234,5.091,5.452,4.035,4.212,4.128,4.388,4.848,4.485,3.966,4.189,5.242,5.1,4.959,4.714,4.012,4.399,5.21,5.857,6.06,5.827,5.242,4.724,5.614,6.108,6.398,7.282,6.534,5.27,4.78,6.124,6.161,5.406,4.95,4.533,4.612,5.379,6.568,5.688,4.542,4.529,5.743,4.736,3.832,5.419,5.384,3.98,3.154,5.418,4.893,3.431,3.083,4.08,4.483,4.353,4.261,2.93,3.216,4.738,3.918,3.829,4.089,4.134,4.879,4.779,4.172,4.205,4.261,5.03,5.941,4.523,4.303,4.708,4.429,3.803,4.651,6.316,6.374,5.451,4.755,4.98,5.62,5.898,5.926,5.98,4.7,3.971,4.702,6.375,6.426,5.987,6.475,7.248,5.811,3.869,5.35,6.4,7.037,7.512,7.457,8.027,7.922,5.892,6.016,6.159,5.803,6.497,5.915,4.705,4.037,4.467,5.526,5.76,3.658,3.532,3.951,3.791,3.961,4.726,5.21,4.566,4.738,4.71,4.138,3.64,4.832,6.098,6.008,6.461,6.692,6.279,5.196,4.91,5.558,6.441,5.663,3.459,1.923,3.103,3.387,3.388,3.49,3.391,2.848,2.414,236
1.431,1.4526,1.4545,1.567,1.6043,1.5467,1.4571,1.5136,1.5796,1.6105,1.6054,1.5848,1.5013,1.4285,1.5568,1.6946,1.7971,1.8512,1.8352,1.8209,1.8139,1.8133,1.9857,2.1543,2.2098,2.1548,2.1391,2.1321,2.0879,2.0234,2.0764,2.1592,2.104,2.035,1.9924,1.9576,1.8503,1.7952,1.7763,1.7549,1.7331,1.7646,1.8133,1.8031,1.8114,1.8001,1.7628,1.7595,1.7225,1.6831,1.6909,1.7725,1.7023,1.5702,1.6544,1.4811,1.2789,1.2458,1.3338,1.3241,1.2844,1.3447,1.3363,1.4142,1.5216,1.3952,1.2739,1.3012,1.4777,1.5004,1.4576,1.4547,1.573,1.5936,1.6116,1.6672,1.6809,1.7095,1.7135,1.6549,1.5805,1.6295,1.7264,1.6569,1.6496,1.667,1.656,1.6079,1.6438,1.7298,1.7774,1.7797,1.8471,1.9838,2.0649,2.1349,2.1644,2.1512,2.2435,2.1916,2.1304,2.3783,2.4017,2.281,2.157,2.1153,2.1528,2.206,2.1981,2.1399,2.0369,1.961,2.0434,1.8727,1.6981,1.7669,1.8505,1.8464,1.728,1.5406,1.434,1.4166,1.4545,1.4812,1.5051,1.5624,1.6674,1.6486,1.61,1.6092,1.6332,1.7803,2.0091,2.2466,2.4596,2.5206,2.5222,2.6556,2.4141,1.9643,1.557,1.4199,1.2875,1.1625,1.1362,1.1591,1.2741,1.3834,1.2098,1.1133,1.1498,127
1.3413,1.4078,1.4199,1.3681,1.4305,1.4076,1.2334,1.404,1.4931,1.4276,1.3237,1.4415,1.5243,1.4713,1.3922,1.3486,1.4355,1.6387,1.6688,1.7013,1.7133,1.6483,1.7778,1.9146,1.9523,1.9163,1.8905,1.867,1.8349,1.8334,1.8991,1.9889,2.0095,1.8278,1.7115,1.7291,1.6613,1.6924,1.7451,1.7223,1.6557,1.6,1.6098,1.7111,1.7227,1.7121,1.7169,1.6869,1.6094,1.5509,1.56,1.5302,1.4503,1.3714,1.3684,1.2245,1.1145,1.1657,1.3229,1.3171,1.193,1.1231,1.249,1.285,1.2016,1.2364,1.2541,1.2541,1.2734,1.3967,1.4399,1.4286,1.4709,1.4169,1.4786,1.6184,1.4078,1.3709,1.441,1.4342,1.3718,1.414,1.5277,1.5394,1.4935,1.4763,1.5077,1.4336,1.5342,1.6828,1.651,1.6291,1.7254,1.9112,2.0093,1.992,2.0032,2.1222,2.0752,1.954,1.9317,2.1714,2.1633,2.0662,2.0368,2.0526,2.0609,1.9763,1.7703,1.7514,1.793,1.8137,1.8116,1.7903,1.7874,1.8022,1.6825,1.6138,1.5326,1.265,1.1953,1.2192,1.2428,1.3236,1.401,1.4482,1.4582,1.4583,1.4435,1.4099,1.3596,1.5465,1.7942,1.9256,2.1405,2.2441,2.266,2.3545,2.1682,1.8344,1.5133,1.2918,1.0884,0.9521,0.953,0.9721,1.0623,1.1646,1.0677,0.9834,0.9651,114
1.7953,1.7264,1.6621,1.9382,1.9229,1.7972,1.8027,1.8957,1.8871,1.8117,1.8016,1.8926,1.936,1.9239,2.0057,2.08,2.0795,2.0181,2.1022,2.1416,2.1672,2.2729,2.3012,2.3864,2.5182,2.5132,2.5696,2.5709,2.4446,2.4067,2.4737,2.5786,2.6007,2.3978,2.3214,2.4118,2.2784,2.1087,2.0623,2.1709,2.072,2.1497,2.2799,2.1185,2.1314,2.222,2.2657,2.1928,2.0915,2.0643,2.142,2.0873,1.9491,1.8429,1.8952,1.7913,1.6891,1.6881,1.6326,1.6309,1.6594,1.6542,1.5895,1.5701,1.6044,1.6005,1.5622,1.5997,1.7607,1.8904,1.8848,1.8683,2.0246,2.0008,2.0193,2.134,2.0904,2.0804,2.0962,2.0766,1.9495,1.9617,2.087,2.0995,2.0898,2.0294,1.9318,1.9384,1.8892,1.8796,2.0376,2.0617,2.1086,2.2429,2.3865,2.4659,2.5249,2.6124,2.6996,2.6651,2.6272,2.8129,2.8643,2.7607,2.6132,2.6938,2.7854,2.7735,2.6287,2.5739,2.5417,2.4978,2.4612,2.3704,2.3146,2.3431,2.283,2.1803,2.026,1.8016,1.7165,1.7142,1.7354,1.7956,1.7937,1.8208,1.9732,1.9595,1.8991,1.8606,1.829,2.039,2.3927,2.7411,3.0947,3.2301,3.1736,3.1077,2.8692,2.5243,2.1427,1.7062,1.5245,1.5433,1.5673,1.6064,1.5999,1.5505,1.5422,1.4478,1.349,164
0.6573,0.7276,0.7571,0.8506,0.8537,0.7681,0.667,0.7275,0.6957,0.6575,0.7921,0.8945,0.8959,0.8557,0.9434,0.8637,0.7974,0.8743,0.8398,0.8474,0.9115,0.98,0.9733,1.0282,1.1276,1.076,1.0681,1.058,1.0022,1.005,1.0119,1.0507,1.1576,1.1577,1.1313,1.123,1.1039,1.0748,1.0189,0.9433,0.9416,0.9267,0.8946,0.8908,0.9404,0.9641,0.9327,0.9102,0.8266,0.7607,0.779,0.7304,0.7145,0.7897,0.9443,0.7609,0.6169,0.7174,0.6999,0.6972,0.6924,0.6521,0.6982,0.7379,0.7197,0.6501,0.6208,0.6319,0.6758,0.8098,0.7609,0.6769,0.8466,0.8922,0.9203,0.9432,0.7746,0.7691,0.871,0.9175,0.8011,0.81,0.9488,1.0084,1.0582,0.9703,0.7707,0.8681,1.0258,1.1001,1.0272,1.0511,0.9915,0.8648,0.9392,1.0378,1.1032,1.1335,1.2345,1.1383,1.0168,1.255,1.277,1.1685,1.1007,1.2459,1.3084,1.2465,1.1393,1.1491,1.1823,1.1683,1.0845,1.0574,1.0898,1.1387,1.1294,1.0353,0.9434,0.9816,0.885,0.797,0.8131,0.844,0.8391,0.8332,0.8688,0.8197,0.7507,0.7163,0.7446,0.892,1.0122,1.0194,1.1861,1.3818,1.488,1.4093,1.2097,1.0017,0.8534,0.733,0.6341,0.5614,0.5259,0.5293,0.6322,0.7785,0.7655,0.7033,0.6415,85
2.752,3.514,3.547,4.267,3.864,3.033,2.962,5.028,5.242,4.06,3.704,3.765,3.739,3.576,3.71,3.548,3.457,3.865,5.102,4.533,3.666,5.062,5.151,5.96,7.41,6.765,5.316,4.438,4.879,5.78,6.101,6.117,6.572,6.264,5.989,5.967,5.51,4.958,4.845,5.289,5.03,4.549,4.317,4.667,4.748,4.824,4.872,4.239,3.883,4.232,5.074,4.521,3.642,3.605,5.17,4.109,2.583,2.484,3.368,3.781,3.73,3.634,2.67,2.525,3.486,4.269,2.493,2.088,5.001,4.472,4.352,4.783,4.406,4.484,5.463,6.257,3.761,3.179,4.576,6.142,5.001,4.364,4.724,4.557,5.616,5.921,4.733,5.096,5.681,5.88,5.437,4.736,5.048,5.945,5.061,5.398,6.33,6.598,5.881,4.394,3.918,6.594,7.585,7.17,6.499,6.98,7.329,6.707,5.07,5.624,6.415,6.498,6.373,5.827,5.264,5.152,5.824,6.319,5.496,2.687,2.72,3.513,3.399,3.301,2.883,3.032,4.438,4.401,3.723,3.483,4.756,5.413,5.786,6.377,6.076,6.294,6.746,6.176,6.361,6.206,5.257,5.303,4.401,2.852,1.917,2.78,3.685,3.681,3.121,2.507,2.824,219
1.2896,1.306,1.3299,1.5244,1.544,1.3899,1.2198,1.4137,1.4404,1.3263,1.3282,1.4928,1.5376,1.4485,1.5111,1.5883,1.6432,1.6583,1.6121,1.5765,1.6172,1.7609,1.847,1.9173,1.9858,2.0166,1.9023,1.8048,1.8319,1.7794,1.7675,1.8181,1.8849,1.7996,1.7358,1.7318,1.6234,1.5855,1.6228,1.6735,1.5921,1.6332,1.7461,1.7247,1.6899,1.6733,1.6707,1.6392,1.6126,1.5827,1.5421,1.548,1.4434,1.3023,1.339,1.2433,1.2047,1.2996,1.2406,1.1871,1.1687,1.1792,1.262,1.305,1.2839,1.2703,1.2852,1.3234,1.3817,1.503,1.4863,1.421,1.5037,1.5422,1.5117,1.4349,1.3747,1.3641,1.3989,1.4314,1.2839,1.3304,1.5516,1.63,1.5854,1.4496,1.326,1.4702,1.5865,1.6159,1.6084,1.6667,1.723,1.7766,1.9146,1.955,1.9915,2.0921,2.0166,1.8985,1.8864,2.0841,2.0344,2.0156,2.1406,2.0136,1.8879,1.836,1.8444,1.7804,1.7526,1.7766,1.7528,1.6672,1.5586,1.4836,1.507,1.5821,1.5808,1.3709,1.3093,1.2664,1.195,1.3428,1.4191,1.4295,1.4743,1.5422,1.5259,1.4398,1.4377,1.5726,1.7151,1.8095,2.2566,2.3501,2.1618,2.24,2.0651,1.7091,1.3375,1.1322,1.02,0.963,0.9326,0.9156,0.9924,1.1257,1.1274,0.9745,0.8661,110
3.749,4.324,3.655,4.519,3.997,3.264,3.668,5.025,5.355,4.421,3.126,3.704,3.646,2.826,3.838,3.466,3.384,4.757,4.938,5.181,4.885,3.503,5.834,7.072,5.878,5.506,5.757,6.01,5.763,5.172,5.214,5.702,5.904,5.894,5.73,5.545,5.537,4.548,3.657,3.832,3.887,4.556,5.538,5.959,5.584,4.592,3.571,3.619,3.542,3.396,3.461,3.463,3.272,3.535,5.128,4.763,3.383,2.397,2.889,2.972,2.924,3.431,2.929,3.034,3.679,3.072,2.179,2.371,3.974,4.568,3.863,3.348,4.754,3.761,3.527,4.836,4.201,4.102,4.33,4.12,3.247,3.673,5.054,5.351,4.93,4.408,4.129,3.633,4.165,4.956,4.689,3.877,3.976,5.029,5.394,4.723,4.569,5.791,5.489,4.432,4.047,5.812,6.953,6.908,6.185,6.692,7.13,6.67,5.169,5.223,5.532,5.606,6.058,5.984,4.885,3.193,3.9,4.423,3.902,2.76,2.465,2.714,3.176,4.083,4.001,3.522,3.723,3.835,2.644,1.153,2.735,3.994,4.089,3.579,5.6,6.662,6.253,5.894,5.389,5.094,4.935,3.751,3.343,3.134,2.043,2.057,3.018,4.188,4.354,2.698,1.512,362
3.346,3.71,3.045,3.259,3.242,2.585,1.766,3.41,3.466,2.439,2.53,3.008,2.645,2.179,4.218,3.625,2.868,3.913,3.344,2.835,3.187,4.454,4.469,4.217,4.31,4.635,4.29,3.819,3.849,4.39,4.777,4.949,5.136,5.201,5.26,5.154,4.386,3.882,3.678,3.478,2.522,3.298,4.65,3.745,3.035,3.074,3.48,2.786,2.6,3.173,4.099,4.321,3.051,1.865,3.526,2.988,2.468,3.322,3.116,2.796,2.818,3.279,3.119,3.118,3.374,3.222,2.406,2.108,2.992,3.757,3.371,2.761,3.473,3.178,3.414,4.192,2.898,3.017,4.08,4.448,2.212,2.378,4.418,3.911,4.789,5.181,4.111,4.355,4.335,4.015,3.851,3.728,3.533,3.595,4.703,4.596,4.087,4.298,4.901,4.557,3.986,4.961,5.13,4.925,4.908,5.199,5.136,4.9,4.946,5.348,5.678,5.783,5.835,5.048,4.392,4.65,4.871,4.532,3.751,3.072,2.507,2.851,3.873,3.214,3.087,3.426,3.465,3.481,2.844,1.887,2.039,3.756,5.218,5.021,4.872,5.443,5.992,5.054,4.981,4.905,4.055,2.659,2.41,2.168,0.396,0.683,2.675,4.66,3.679,2.935,2.9,291
4.054,4.429,4.582,4.594,5.15,4.757,3.266,5.394,5.508,4.435,5.167,5.372,5.284,5.036,4.514,4.484,5.113,6.036,5.962,5.241,4.648,5.057,6.549,7.461,7.321,7.094,6.134,5.303,5.362,6.003,6.855,7.79,8.585,7.4,6.252,5.975,5.512,5.869,6.646,7.028,5.879,5.485,5.914,5.977,6.022,5.718,5.098,4.813,4.063,3.909,5.1,5.245,4.803,4.346,4.375,3.706,3.143,3.339,4.164,4.579,4.518,4.359,4.587,4.323,3.857,4.57,3.757,3.21,4.359,5.492,5.108,3.841,3.423,4.22,5.34,5.879,5.117,4.787,5.104,5.589,4.827,5.494,7.105,6.942,6.804,6.14,5.121,6.339,6.565,6.001,6.02,6.326,6.666,6.653,5.79,5.942,6.367,6.355,7.658,7.803,7.157,7.764,8.532,8.019,6.5,7.668,7.877,7.337,7.394,7.608,7.945,7.983,6.936,6.996,7.274,6.855,7.158,6.822,6.016,5.713,4.422,4.072,5.005,3.671,3.402,4.018,4.241,4.293,3.819,3.173,3.49,4.947,6.023,5.796,6.73,7.235,7.088,6.952,6.304,5.981,6.11,4.933,3.627,2.856,2.861,2.305,2.467,3.637,4.657,3.674,2.599,388
4.166,3.628,2.157,4.161,4.648,4.228,4.171,4.37,4.422,3.996,3.155,4.012,4.243,3.557,4.053,3.798,4.004,5.458,6.482,6.025,5.145,5.524,5.796,6.02,6.364,6.971,6.435,5.283,4.424,4.491,5.458,6.717,7.302,6.147,5.293,5.552,5.868,6.134,6.014,5.354,4.405,4.702,5.621,5.417,4.509,4.76,6.06,5.152,4.201,3.726,3.824,4.895,5.261,4.853,4.743,3.816,3.43,4.184,4.653,4.115,3.433,3.704,3.658,3.742,4.055,4.235,2.82,2.525,4.713,4.998,5.238,5.38,4.757,4.835,5.47,5.839,4.403,4.238,4.78,4.739,4.137,4.573,5.625,5.481,5.746,5.696,5.053,5.261,5.055,4.874,5.462,5.335,4.778,4.674,6.373,6.843,6.099,5.138,5.469,5.665,5.775,6.651,6.989,6.377,5.393,6.263,7.286,7.267,5.942,7.143,7.297,5.877,6.024,4.82,3.94,4.895,5.649,5.649,4.989,4.278,4.197,4.326,4.339,4.386,4.481,4.502,4.338,4.306,3.687,3.023,4.253,5.188,5.703,6.163,6.932,7.007,6.073,4.52,4.779,5.494,5.332,4.126,2.606,2.119,3.504,2.965,3.071,4.276,3.827,2.602,2.018,403
3.662,4.126,3.712,3.812,3.695,2.928,1.998,3.814,4.47,3.754,3.122,3.264,3.471,3.411,3.299,3.273,3.702,4.601,5.112,5.001,4.67,4.719,4.693,5.185,5.941,5.755,5.144,4.246,3.391,3.572,4.362,5.206,5.605,6.139,6.416,5.946,4.254,3.183,3.519,4.876,4.305,3.85,3.936,4.057,4.371,4.17,3.554,3.95,3.797,3.487,3.63,3.469,2.745,2.442,4.029,3.39,2.464,2.87,3.917,4.465,4.216,3.424,2.997,2.669,2.307,1.991,1.987,2.505,3.38,3.569,3.388,3.491,4.443,4.832,4.118,2.911,3.234,3.993,4.904,5.447,3.187,3.069,4.691,3.859,4.002,4.3,4.117,4.632,4.56,4.218,4.341,4.149,3.72,3.602,4.766,4.906,5.057,6.054,5.467,3.555,2.815,6.287,6.824,5.974,5.672,6.332,6.416,5.784,5.108,6.425,6.193,4.251,4.351,5.026,4.982,3.956,4.945,5.5,4.725,3.042,3.539,3.87,2.899,3.186,3.373,3.484,3.857,4.052,3.293,2.189,2.843,4.234,4.824,4.071,5.13,5.683,5.31,4.917,4.812,5.247,5.701,3.988,2.342,1.977,3.123,2.588,2.283,3.091,4.133,3.014,1.934,343
1.4235,1.4485,1.436,1.6395,1.6308,1.5089,1.4579,1.6036,1.6364,1.552,1.4948,1.6012,1.6142,1.5232,1.5976,1.6588,1.6748,1.6652,1.7027,1.7821,1.8606,1.8967,1.9787,2.1039,2.2298,2.2801,2.1995,2.1026,2.0866,2.102,2.0776,2.0707,2.1623,2.121,2.0687,2.0214,1.8299,1.843,1.9298,1.8937,1.6914,1.7078,1.864,1.8395,1.8019,1.7934,1.8211,1.8618,1.7271,1.6141,1.7117,1.7368,1.6151,1.5047,1.6713,1.5181,1.3226,1.3056,1.3208,1.4027,1.4118,1.2385,1.2187,1.2719,1.3241,1.3299,1.2173,1.2014,1.4044,1.5809,1.5962,1.5482,1.6281,1.6878,1.7535,1.7919,1.6628,1.6958,1.7894,1.7621,1.6019,1.5933,1.7346,1.8081,1.8652,1.7867,1.5789,1.5473,1.6331,1.7709,1.8772,1.8667,1.8844,1.9652,2.001,2.1977,2.3124,2.1753,2.1978,2.1929,2.1685,2.2401,2.2828,2.2653,2.2048,2.1792,2.2127,2.23,2.1604,2.2004,2.1147,1.9408,2.0245,2.0605,1.9461,1.7308,1.7831,1.8316,1.719,1.4134,1.3512,1.3959,1.421,1.4781,1.5201,1.5456,1.5676,1.5878,1.5389,1.477,1.5942,1.7808,2.0279,2.315,2.534,2.6195,2.6193,2.6375,2.4636,2.1015,1.6777,1.5109,1.3415,1.242,1.3342,1.2272,1.187,1.3136,1.4409,1.2748,1.1128,124
2.171,2.431,2.279,2.726,2.803,1.965,0.85,3.104,3.986,3.163,2.353,2.833,2.53,1.528,2.33,3.042,3.794,4.629,4.337,3.678,2.926,2.417,4.145,5.633,5.682,4.939,4.309,4.064,4.124,3.904,4.38,5.375,5.993,4.629,4.068,4.804,4.061,4.471,4.817,3.854,2.961,3.375,4.601,5.117,4.586,3.602,2.871,3.086,2.493,2.28,3.544,3.732,3.373,3.224,3.964,3.646,3.18,3.189,2.845,2.986,3.574,4.073,3.098,2.673,3.288,3.714,3.036,2.972,4.372,4.41,3.78,3.203,3.385,4.291,4.895,4.498,2.948,3.048,3.965,4.062,2.754,3.354,5.219,4.937,5.009,4.992,4.567,4.629,4.107,4.045,5.52,4.667,4.015,4.421,4.333,4.952,5.349,4.866,5.45,4.907,4.113,5.526,5.991,5.568,5.146,6.449,6.911,6.2,5.151,5.957,6.484,6.289,6.975,5.967,4.595,4.378,4.554,5.031,5.085,3.88,3.418,3.199,2.791,2.503,3.009,3.76,3.883,3.638,3.087,2.566,2.707,4.225,5.195,4.379,4.822,5.482,5.945,6.173,5.556,4.889,4.415,2.56,2.786,3.739,2.789,2.485,2.587,2.736,2.69,2.148,1.811,180
2.931,2.757,2.267,3.16,3.755,3.425,2.587,3.917,3.573,2.355,2.617,2.657,2.986,3.413,2.94,2.81,3.201,3.807,3.696,3.511,3.13,2.414,3.069,4.605,5.862,5.254,4.379,3.942,3.979,3.185,3.398,4.4,4.909,3.883,3.799,4.862,4.148,3.675,3.456,3.237,3.441,3.616,3.68,3.71,3,3.016,3.881,3.392,2.472,1.791,1.906,3.308,3.292,2.485,3.637,2.86,2.046,2.573,3.287,2.997,2.223,2.069,2.842,2.923,2.326,2.682,2.271,1.787,2.054,3.179,2.813,1.87,2.591,3.566,4.083,3.706,2.274,2.218,3.013,3.334,2.184,2.841,4.801,4.836,4.501,3.951,3.347,3.248,3.508,3.983,4.354,3.358,3.342,4.367,3.646,3.539,3.501,3.088,4.654,4.674,3.967,5.667,5.321,4.313,4.156,5.202,5.809,5.373,4.223,5.185,5.704,5.117,5.108,3.977,3.337,4.342,4.474,4.501,4.128,2.679,2.322,2.382,2.413,3.308,2.753,1.953,2.661,1.815,0.92,0.94,1.899,3.095,4.13,4.883,5.954,5.752,4.607,4.09,3.535,3.736,4.628,4.077,2.478,1.109,1.19,0.515,0.977,2.717,3.354,2.459,1.472,221
2.408,2.696,2.765,3.269,4.283,3.967,2.052,3.366,3.694,2.955,2.715,2.884,2.993,3,3.311,2.717,2.906,4.592,4.566,4.191,3.828,3.607,4.666,5.684,5.631,4.126,3.648,4.096,4.782,5.238,5.232,5.26,5.885,5.357,4.823,4.838,4.898,4.028,3.181,3.171,2.752,2.998,3.628,3.727,4.281,4.274,3.596,3.823,3.166,2.801,3.821,3.755,3.077,2.94,4.5,2.978,1.998,3.433,3.327,3.127,3.192,3.455,3.363,2.599,1.985,3.236,2.242,1.688,3.367,3.024,2.358,2.583,4.24,4.293,4.131,4.294,3.514,3.468,4.074,4.545,3.266,3.621,5.32,5.358,4.503,3.792,3.825,4.219,4.36,4.371,4.513,3.718,3.696,4.492,4.066,3.355,3.522,4.973,5.697,5.069,4.667,6.893,6.594,5.388,5.074,6.182,6.077,5.096,4.646,5.226,5.655,5.608,5.79,5.824,5.156,3.934,4.587,5.708,5.504,2.563,1.737,2.063,2.497,3.555,3.143,2.445,3.235,3.174,3.078,3.074,2.352,3.603,4.824,4.35,5.607,5.706,4.774,4.832,4.541,3.966,3.476,3.796,3.257,2.53,2.744,1.421,1.064,2.291,2.955,2.528,1.741,199
3.289,3.611,2.415,2.468,2.441,1.465,0.036,1.612,2.47,2.36,2.641,3.297,3.081,2.319,2.965,2.688,2.707,3.821,4.054,3.01,2.405,4.082,4.196,3.952,3.993,3.919,3.98,4.086,3.986,3.017,3.096,4.139,4.961,4.432,4.388,5.008,4.135,3.221,3.101,3.688,2.375,2.596,3.955,4.034,3.896,3.653,3.331,2.952,2.166,1.936,2.903,3.135,2.719,2.262,2.568,1.971,2.241,3.611,2.189,2.286,3.184,2.839,2.149,2.547,3.605,3.134,2.437,2.234,2.794,3.624,3.876,3.673,3.533,2.436,2.758,4.14,2.015,1.921,2.396,1.358,2.124,2.761,3.306,5.061,4.925,3.871,3.161,3.245,4.148,4.741,3.883,3.368,2.826,2.828,5.087,4.74,3.668,4.153,4.196,3.917,4.069,5.539,5.994,5.463,4.543,4.129,5.082,5.691,4.246,4.744,4.904,4.398,5.313,4.769,3.951,4.11,3.655,3.56,3.64,3.065,2.138,1.983,2.8,2.963,1.921,1.458,3.319,3.908,3.002,1.568,1.607,3.412,4.353,2.99,4.288,4.307,3.499,4.832,3.783,2.818,3.466,3.369,2.576,1.624,1.191,0.655,1.177,2.47,2.334,1.455,0.767,273
1.3972,1.5058,1.572,1.6933,1.7025,1.5936,1.4689,1.6333,1.6412,1.5777,1.6963,1.7554,1.7173,1.6582,1.7454,1.7027,1.6847,1.8089,1.8816,1.9029,1.9125,1.9746,2.146,2.2788,2.3035,2.2595,2.2704,2.2906,2.2799,2.3297,2.3668,2.3655,2.3312,2.3177,2.2354,2.0898,2.0162,2.0542,2.0206,1.8342,1.9132,1.9559,1.938,1.9845,2.0211,2.0648,2.0979,2.0374,1.887,1.8351,1.9793,1.8704,1.7313,1.7042,1.8221,1.6889,1.5281,1.5138,1.5475,1.5341,1.4698,1.4004,1.4034,1.3585,1.3213,1.508,1.4664,1.4312,1.6013,1.7191,1.7439,1.7562,1.8755,1.968,1.991,1.941,1.8527,1.8548,1.8536,1.7659,1.805,1.8719,1.9398,2.025,1.92,1.8013,1.7966,1.7973,1.9034,1.9953,1.9276,1.9269,2.0305,2.1829,2.242,2.3235,2.3502,2.2908,2.4235,2.3892,2.2877,2.4638,2.4879,2.471,2.504,2.5013,2.4943,2.4612,2.3776,2.2881,2.282,2.339,2.3207,2.1955,2.0766,2.0604,2.0909,2.0442,1.8896,1.6743,1.5216,1.4842,1.5481,1.6102,1.6073,1.6204,1.7444,1.8279,1.7671,1.625,1.6416,1.7907,2.0578,2.4089,2.8103,2.9487,2.887,2.9091,2.6471,2.1774,1.7019,1.5528,1.5101,1.4523,1.3354,1.396,1.4806,1.4834,1.3969,1.2407,1.1703,121
1.847,2.636,2.706,3.192,2.895,2.137,1.608,2.247,2.162,1.545,1.444,1.958,2.187,2.061,2.408,1.817,1.826,3.191,3.174,3.243,3.712,4.28,3.88,4.447,5.533,4.002,3.628,3.75,3.489,4.188,4.032,3.924,5.36,4.036,3.222,3.967,3.791,4.817,5.199,3.57,2.826,3.004,3.437,3.235,3.97,4.123,3.294,3.249,2.362,1.972,3.212,3.241,2.731,2.67,3.893,2.943,1.791,1.99,2.785,2.991,2.513,1.898,2.445,2.443,1.883,2.482,2.114,1.93,2.922,4.084,4.269,3.529,2.681,2.702,3.281,3.509,1.829,2.703,3.995,3.006,2.152,2.664,4.035,4.494,4.285,3.709,3.137,2.967,3.428,3.987,3.877,2.964,2.638,3.17,3.432,3.514,3.918,4.856,5.401,4.473,3.315,4.36,5.58,5.03,3.317,6.027,6.76,5.422,4.22,4.397,4.551,4.189,3.983,3.507,3.285,3.714,4.231,4.618,4.336,2.884,1.983,1.533,1.562,3.057,2.656,2.059,3.78,3.671,2.713,1.992,2.325,3.237,3.95,4.021,4.319,4.471,4.452,4.433,3.927,3.74,4.093,3.7,2.345,1.252,1.693,0.817,1.672,3.957,2.735,1.711,1.496,169
0.8408,0.8735,0.7942,1.01,0.995,0.8927,0.8952,0.9534,1.0487,1.0603,0.9027,0.9527,1.0071,1.0121,1.1085,1.1107,1.1023,1.1545,1.1651,1.1683,1.1516,1.1134,1.2352,1.3477,1.36,1.3033,1.3466,1.3731,1.2998,1.3156,1.2911,1.3151,1.5041,1.4139,1.3528,1.3962,1.2534,1.2197,1.235,1.1916,1.0935,1.1453,1.2325,1.1099,1.1529,1.157,1.0714,1.1736,1.0979,1.0058,1.0937,1.0923,0.9861,0.9076,1.0492,0.9621,0.9095,1.019,0.9437,0.8593,0.8265,0.8466,0.8026,0.8196,0.8979,0.9045,0.8188,0.7931,0.9157,1.0385,0.9774,0.8867,1.0332,1.1035,1.1246,1.1176,1.047,1.0893,1.1348,1.0597,0.9951,1.0529,1.1847,1.2245,1.1527,1.103,1.136,1.0963,1.1452,1.2518,1.3055,1.1898,1.2081,1.3697,1.3195,1.3153,1.3638,1.4086,1.3825,1.3487,1.371,1.4855,1.4616,1.3968,1.3792,1.3942,1.3997,1.3893,1.3752,1.3926,1.3442,1.2934,1.4711,1.4097,1.2762,1.2863,1.3476,1.3168,1.1728,0.9925,0.93,0.9707,1.0298,0.9285,0.9561,1.0583,1.0809,1.0823,1.0653,1.0022,0.841,1.0364,1.2635,1.2398,1.4849,1.6351,1.6729,1.7765,1.4994,1.1742,1.0449,0.9532,0.8394,0.7192,0.6586,0.7862,0.886,0.8883,0.9387,0.8552,0.755,91
1.4594,1.5242,1.4772,1.4953,1.5289,1.518,1.4632,1.5392,1.5689,1.5323,1.5004,1.6479,1.7124,1.6172,1.5199,1.5412,1.6537,1.7734,1.7657,1.7664,1.8156,1.9005,1.9663,2.0376,2.1108,2.1465,2.1809,2.1548,2.0556,2.0458,2.0601,2.1007,2.1712,2.0751,2.0063,1.9976,1.8444,1.7621,1.7425,1.7344,1.7369,1.7234,1.7167,1.7537,1.7121,1.7925,1.9762,1.8693,1.7055,1.5937,1.5749,1.5648,1.5346,1.5154,1.5638,1.4978,1.3619,1.2509,1.2938,1.3356,1.3001,1.1837,1.1757,1.2538,1.3412,1.3269,1.2936,1.3089,1.4026,1.5392,1.5113,1.4474,1.5959,1.7196,1.7357,1.6579,1.6071,1.6946,1.8031,1.7853,1.6392,1.6041,1.6857,1.7145,1.7643,1.7062,1.5315,1.5325,1.6682,1.7733,1.6976,1.7521,1.8742,1.9664,1.9275,1.9791,2.0997,2.2119,2.279,2.2264,2.1825,2.3523,2.2644,2.1682,2.2202,2.2181,2.222,2.2188,2.1845,2.162,2.083,2.0039,2.1111,2.0387,1.9168,1.9015,1.8664,1.7561,1.5815,1.4088,1.3564,1.3833,1.4249,1.4171,1.3959,1.4146,1.5042,1.5363,1.5171,1.4958,1.557,1.7009,1.899,2.1298,2.4604,2.5932,2.5407,2.5144,2.3907,2.0667,1.6059,1.4011,1.3233,1.282,1.2189,1.2715,1.3997,1.4789,1.2996,1.1217,1.0512,132
1.3735,1.45,1.4462,1.584,1.6167,1.5345,1.439,1.6011,1.6471,1.6088,1.6475,1.5373,1.4629,1.4878,1.5153,1.5247,1.5746,1.6947,1.8063,1.8483,1.8602,1.9294,2.1238,2.1938,2.1231,2.1684,2.1095,2.0811,2.165,2.0858,2.0901,2.1384,2.0776,1.9973,1.9146,1.8473,1.8188,1.7389,1.7241,1.8241,1.7094,1.6837,1.776,1.8516,1.8781,1.8303,1.7477,1.7595,1.6843,1.6713,1.8184,1.6568,1.4726,1.4199,1.5147,1.514,1.4717,1.4268,1.2828,1.2266,1.2665,1.3306,1.3205,1.2934,1.2979,1.3593,1.3644,1.3942,1.5031,1.5765,1.6059,1.6264,1.6838,1.7003,1.702,1.7024,1.6835,1.7198,1.7635,1.7376,1.5781,1.4839,1.5608,1.7997,1.7994,1.6594,1.5503,1.6188,1.6923,1.7375,1.7723,1.7756,1.823,1.9346,2.0583,2.049,2.1123,2.3619,2.3485,2.1832,2.093,2.322,2.4599,2.4386,2.3246,2.3471,2.2792,2.164,2.1219,2.143,2.0837,2.0007,2.1589,1.9999,1.7887,1.8024,1.7429,1.738,1.6875,1.4134,1.4667,1.5064,1.3667,1.4366,1.5296,1.6149,1.6918,1.6425,1.636,1.6931,1.6555,1.7692,2.0706,2.4717,2.6968,2.7341,2.6683,2.6344,2.5025,2.1926,1.7497,1.4372,1.3438,1.3559,1.2949,1.2336,1.2672,1.3429,1.2229,1.1137,1.0886,118
3.145,3.151,3.925,4.166,4.095,4.087,4.296,4.239,3.415,2.677,3.188,4.086,3.893,2.963,3.514,3.992,4.465,4.946,4.405,4.162,4.649,5.694,6.25,6.162,5.788,5.926,5.998,5.657,4.899,4.313,5.271,6.824,7.063,6.377,5.345,4.756,5.554,5.728,5.313,4.811,4.356,4.337,4.726,5.151,4.764,4.193,4.057,4.74,3.611,3.024,5.098,5.39,4.385,3.609,4.856,3.962,2.751,2.874,4.02,4.375,4.246,4.459,3.916,3.417,3.461,4.065,3.297,3.079,4.628,5.426,4.525,2.96,2.767,4.615,5.935,5.44,4.023,4.739,5.783,5.057,5.037,5.188,5.332,5.571,5.804,5.647,4.918,3.728,4.045,5.31,5.933,5.171,4.702,4.977,4.853,5.963,6.859,6.273,5.872,5.352,5.522,7.412,6.764,6.177,7.014,6.482,6.484,6.339,5.128,5.646,6.026,5.946,6.976,6.721,5.851,5.508,6.044,6.613,5.92,2.966,2.248,2.917,3.681,3.95,3.139,2.702,4.085,4.184,3.58,2.953,2.833,3.937,4.811,4.61,6.455,7.002,6.057,5.535,5.14,4.76,4.366,4.146,3.74,3.083,2.353,2.225,2.821,3.739,4.01,3.276,2.626,267
1.6671,1.6802,1.6826,1.7847,1.8632,1.8116,1.6636,1.8124,1.8042,1.7144,1.7941,1.859,1.8642,1.8062,1.7227,1.8013,1.907,1.9424,2.0977,2.1962,2.1735,2.0625,2.1238,2.3086,2.4844,2.4674,2.3859,2.3674,2.4398,2.3554,2.355,2.4376,2.4812,2.4119,2.3423,2.2839,2.1052,2.0932,2.1102,2.0207,2.0293,2.1069,2.1755,2.1557,2.2446,2.2472,2.1169,2.0916,2.0223,1.9614,1.977,1.9943,1.9219,1.8366,1.9066,1.8117,1.6758,1.5954,1.469,1.5212,1.607,1.5229,1.5052,1.5299,1.5706,1.6093,1.5651,1.5482,1.6358,1.7313,1.7012,1.6954,1.9274,1.9038,1.9679,2.1454,1.9093,1.9059,2.0342,2.0381,1.891,1.8817,2.0098,2.0547,2.0576,1.9252,1.7176,1.8721,1.9342,1.943,2.0741,2.1046,2.1608,2.2594,2.2679,2.3772,2.4967,2.5257,2.5636,2.5007,2.4526,2.6381,2.7532,2.7405,2.6501,2.6624,2.7102,2.7126,2.6127,2.5263,2.479,2.4601,2.4259,2.3441,2.2179,2.093,2.114,2.1718,2.1035,1.7789,1.7355,1.7245,1.6183,1.7297,1.8065,1.8555,1.9377,1.882,1.8018,1.7733,1.811,1.9875,2.314,2.7283,3.0314,3.105,3.0804,3.2025,2.9165,2.3849,1.8965,1.8005,1.698,1.5611,1.5051,1.5857,1.6653,1.6496,1.5178,1.4579,1.4486,158
5.556,5.558,4.945,4.944,5.214,5.203,4.872,5.774,5.527,4.933,5.631,5.174,4.812,5.208,6.046,5.327,5.323,7.135,6.522,6.664,7.216,6.722,6.78,7.406,8.141,8.171,7.84,7.452,7.232,7.132,7.754,8.843,9.645,9.323,8.513,8.004,8.55,7.551,6.87,7.906,7.044,6.67,7.043,7.173,6.728,6.199,6.205,7.47,5.978,4.63,6.42,6.736,5.259,4.036,6.145,5.329,4.507,5.598,5.974,5.593,5.015,4.954,5.201,5.171,4.918,5.089,4.193,3.803,4.956,5.817,5.618,5.507,7.022,6.315,6.158,6.998,5.169,5.135,6.62,7.718,5.53,4.852,6.409,7.64,7.353,6.993,7.419,7.279,7.023,6.997,7.326,6.74,7.359,8.979,8.538,8.145,8.346,8.985,8.958,7.889,7.389,9.728,9.942,8.849,8.004,8.957,8.325,7.436,8.565,9.169,9.21,9.081,9.437,8.291,7.764,9.192,8.51,8.279,8.063,5.997,5.727,5.976,5.725,5.674,6.036,6.594,6.929,6.738,5.626,4.669,6.45,6.937,6.763,7.357,8.952,10.209,10.744,10.767,8.987,6.954,5.842,5.292,4.755,4.238,3.921,3.276,3.876,5.411,5.075,4.676,4.518,467
1.6104,1.6282,1.6582,1.7791,1.7391,1.6107,1.5297,1.6223,1.6266,1.5661,1.5805,1.6754,1.7467,1.7494,1.7147,1.7142,1.8345,2.0342,1.933,1.9569,2.075,2.0982,2.2042,2.3486,2.4298,2.3146,2.2689,2.2553,2.2052,2.1473,2.1645,2.235,2.2745,2.1841,2.0976,2.0768,2.0664,2.0505,2.0595,2.0961,2.0277,2.0396,2.1072,2.0929,2.0281,1.9914,1.9957,1.9505,1.7957,1.7342,1.89,1.7966,1.6194,1.5309,1.6551,1.5875,1.4741,1.45,1.461,1.5348,1.5924,1.539,1.3779,1.3785,1.5473,1.6215,1.5774,1.5413,1.617,1.7777,1.7805,1.7274,1.8468,1.8784,1.8834,1.8538,1.6388,1.6674,1.7845,1.7508,1.6701,1.6894,1.7767,1.7739,1.7802,1.8115,1.8549,1.8562,1.9251,2.0167,2.0512,2.1396,2.208,2.2234,2.2156,2.3018,2.4257,2.5051,2.5396,2.4396,2.3246,2.4089,2.364,2.3441,2.4225,2.401,2.3584,2.2625,2.1012,2.1577,2.194,2.1266,2.0713,1.9715,1.9541,2.077,2.0741,2.0532,1.9567,1.6727,1.5975,1.6193,1.6429,1.7503,1.7721,1.7614,1.8234,1.8516,1.856,1.8714,1.951,2.0625,2.2632,2.5566,2.7212,2.8113,2.8443,2.805,2.5889,2.2387,1.8428,1.5196,1.3646,1.3034,1.2136,1.1927,1.2486,1.3193,1.2667,1.1507,1.1314,150
1.3897,1.371,1.3066,1.4156,1.5077,1.4573,1.3035,1.4793,1.5549,1.4857,1.4131,1.5086,1.486,1.3554,1.4585,1.5304,1.5979,1.6986,1.7504,1.7745,1.784,1.8142,2.0561,2.1544,2.0676,2.1321,2.058,1.9519,1.9305,1.9067,1.9185,1.9917,2.0997,1.8929,1.7894,1.9016,1.8836,1.8344,1.7937,1.7836,1.7964,1.8308,1.845,1.7988,1.8807,1.8655,1.7062,1.6878,1.6559,1.663,1.734,1.5725,1.4095,1.3491,1.3772,1.3585,1.3513,1.3706,1.2759,1.2852,1.3135,1.2273,1.2401,1.2725,1.282,1.277,1.2259,1.2579,1.4367,1.6017,1.5648,1.4525,1.518,1.6005,1.7083,1.7707,1.5863,1.5288,1.5744,1.5938,1.5083,1.5393,1.661,1.666,1.6044,1.5643,1.5908,1.6242,1.6812,1.7625,1.8541,1.8869,1.9661,2.0921,2.1328,2.1689,2.1819,2.1531,2.1402,2.0405,1.9859,2.2008,2.2039,2.1045,2.0547,2.1415,2.1492,2.0851,2.0384,2.0579,2.037,1.9377,1.8095,1.7954,1.8439,1.8633,1.793,1.7524,1.7093,1.5612,1.5306,1.4887,1.3986,1.4914,1.5682,1.6287,1.7156,1.7028,1.6543,1.5989,1.516,1.6579,1.9113,2.1339,2.4283,2.5874,2.5815,2.5022,2.3304,2.0107,1.5954,1.3645,1.254,1.2182,1.2032,1.1376,1.173,1.2804,1.1882,1.1545,1.1299,120
3.139,3.547,2.598,3.056,2.73,2.139,2.107,2.977,3.056,2.472,2.139,2.14,2.341,2.56,2.626,3.101,3.263,2.814,3.244,3.32,2.985,2.865,4.498,5.015,3.965,3.857,3.417,3.072,3.266,3.565,4.273,5.098,5.431,4.609,4.09,4.228,3.785,3.25,2.94,2.969,2.916,2.957,2.965,2.787,3.659,4.189,3.772,3.419,2.374,1.607,2.074,3.005,2.535,1.773,3.517,2.501,1.642,2.648,2.487,2.711,2.954,2.515,2.336,2.54,2.995,3.319,1.962,1.012,2.115,4.18,3.62,1.938,2.656,2.75,3.477,4.4,2.186,2.282,3.739,4.153,2.656,3.144,5.033,4.548,3.945,3.417,2.922,2.459,2.932,3.961,4.626,4.338,3.942,3.812,3.66,4.036,4.348,4.085,3.905,3.492,3.477,4.809,5.256,4.679,3.948,5.417,5.409,4.768,5.325,4.593,4.045,4.38,5.179,4.644,3.995,4.41,4.643,4.831,4.257,2.126,2.175,3.109,3.368,2.017,2.261,3.171,2.796,2.905,2.657,2.033,2.074,3.475,4.365,3.628,4.794,5.279,4.649,3.989,3.886,3.821,3.411,2.936,2.215,1.546,1.346,1.427,2.011,2.823,2.961,2.119,1.118,261
1.6464,1.6763,1.6727,1.8387,1.8486,1.7453,1.656,1.7173,1.7516,1.7589,1.8037,1.8419,1.8031,1.7667,1.95,1.918,1.8946,2.0415,2.0006,2.0289,2.1379,2.2402,2.3433,2.4701,2.5821,2.5746,2.4145,2.3149,2.3937,2.3649,2.3603,2.4032,2.4485,2.3422,2.2588,2.241,2.1359,2.033,2.0213,2.1071,2.0392,2.0233,2.0925,2.1589,2.0228,2.005,2.1607,2.0643,1.9755,1.9596,1.9906,1.9016,1.8452,1.8408,1.8022,1.675,1.5613,1.537,1.5925,1.5777,1.5097,1.464,1.4475,1.4646,1.5026,1.5314,1.491,1.5409,1.7432,1.7915,1.821,1.8361,1.8068,1.9062,2.0032,2.0056,1.9157,1.8811,1.8943,1.8895,1.7453,1.8259,2.025,1.9177,1.8914,1.8813,1.8315,1.854,1.8566,1.8594,1.922,2.0722,2.199,2.2593,2.3007,2.365,2.489,2.6362,2.5557,2.3812,2.3242,2.5713,2.5068,2.4322,2.559,2.7133,2.6459,2.4438,2.3157,2.3112,2.3422,2.3457,2.2991,2.2104,2.1338,2.0959,1.997,1.9963,1.9549,1.6173,1.5591,1.6446,1.697,1.6334,1.7229,1.8535,1.8293,1.8411,1.8343,1.7946,1.7709,1.9502,2.2657,2.5846,2.8043,2.937,2.9996,2.9976,2.7671,2.3158,1.8033,1.6551,1.5537,1.4522,1.3906,1.2853,1.35,1.5323,1.4276,1.2975,1.2589,154
1.4016,1.5431,1.5646,1.5689,1.4988,1.4453,1.4773,1.5454,1.5772,1.574,1.5807,1.6701,1.7215,1.6784,1.5759,1.6176,1.6977,1.7084,1.7105,1.724,1.7682,1.8511,1.9438,1.9781,1.9892,2.1198,2.1686,2.1839,2.2195,2.1818,2.2142,2.249,2.1509,2.0979,2.0076,1.8903,1.8934,1.8141,1.7501,1.7862,1.7315,1.7037,1.7217,1.7458,1.7631,1.7844,1.7918,1.7194,1.6179,1.6,1.718,1.7487,1.6862,1.6118,1.642,1.5208,1.3895,1.3594,1.3705,1.4129,1.389,1.2412,1.2527,1.3001,1.3089,1.2764,1.2123,1.2306,1.3742,1.4666,1.4581,1.4505,1.5842,1.6258,1.7058,1.8133,1.6935,1.6685,1.7112,1.7107,1.62,1.6448,1.7593,1.7695,1.7673,1.702,1.5849,1.5924,1.7053,1.7829,1.696,1.7148,1.7922,1.8983,2.0471,2.1363,2.1362,2.0862,2.1907,2.1481,2.0251,2.1091,2.3171,2.3742,2.2403,2.3723,2.4078,2.3074,2.1703,2.1754,2.2262,2.2126,2.0406,2.0193,2.0296,1.9328,1.8504,1.7922,1.6932,1.4726,1.4072,1.4126,1.4217,1.5084,1.4661,1.3908,1.4472,1.5073,1.4919,1.4477,1.5538,1.7455,1.9207,2.066,2.5336,2.767,2.7334,2.7296,2.4249,1.9532,1.5325,1.4328,1.3696,1.336,1.3846,1.2313,1.2133,1.3804,1.3711,1.2085,1.0877,121
0.8377,0.8528,0.8047,0.8745,0.899,0.8581,0.8004,0.8777,0.924,0.9045,0.8638,0.9544,0.9507,0.8271,0.7944,0.8431,0.9448,1.0364,0.9764,0.997,1.0289,0.9347,1.0418,1.1881,1.2409,1.1514,1.1435,1.1581,1.1372,1.216,1.241,1.2345,1.2698,1.1201,1.0747,1.1741,1.1027,1.0748,1.0928,1.0948,0.9585,0.9392,1.0686,1.215,1.1131,1.0157,1.0227,0.9122,0.8782,0.9401,1.029,0.9475,0.8676,0.8818,0.988,0.8954,0.7725,0.7532,0.762,0.8612,0.9316,0.8421,0.7409,0.6866,0.7173,0.8385,0.6896,0.6038,0.8127,0.9123,0.9531,0.9575,0.9451,0.9115,0.9864,1.0999,0.8899,0.8731,0.9908,1.0439,0.9447,0.9308,1.0443,1.1605,1.1108,1.0343,1.0324,1.013,1.0709,1.1457,1.1355,1.0758,1.0616,1.124,1.2149,1.2828,1.2672,1.1858,1.3124,1.3133,1.2412,1.3661,1.4196,1.3939,1.3369,1.3344,1.3235,1.281,1.2105,1.1746,1.1807,1.237,1.3519,1.3469,1.2698,1.2094,1.204,1.1743,1.0709,0.8912,0.877,0.9026,0.8894,0.9517,0.9488,0.9179,0.9422,0.9706,0.9722,0.9489,0.9378,0.982,1.0765,1.2008,1.3397,1.4694,1.5617,1.5782,1.3941,1.1467,0.9521,0.7976,0.7393,0.7459,0.7483,0.694,0.7101,0.8012,0.8052,0.6775,0.6048,90
1.1208,1.1755,1.2008,1.2241,1.2019,1.1294,1.0692,1.2557,1.3028,1.2152,1.1718,1.2508,1.302,1.2816,1.2784,1.3368,1.3666,1.3211,1.3365,1.365,1.3762,1.368,1.4677,1.6208,1.7366,1.7102,1.6712,1.6491,1.6394,1.6029,1.629,1.7052,1.7584,1.6847,1.6296,1.6311,1.5677,1.4552,1.3707,1.3685,1.3883,1.3969,1.4026,1.431,1.4168,1.4144,1.4282,1.3695,1.2307,1.1874,1.346,1.3667,1.2323,1.1058,1.2335,1.2172,1.1813,1.2028,1.1064,1.0593,1.0514,1.0202,0.9769,0.9791,1.0296,1.0721,1.0148,0.9473,0.9784,1.1988,1.1978,1.0767,1.1561,1.2724,1.3302,1.2959,1.2103,1.2847,1.4334,1.4952,1.3578,1.383,1.5485,1.5474,1.4586,1.3574,1.3017,1.3085,1.3605,1.4308,1.4808,1.4342,1.3993,1.4325,1.5137,1.6626,1.7386,1.6643,1.6792,1.685,1.6853,1.7403,1.7956,1.7711,1.6912,1.786,1.8877,1.8788,1.7302,1.7787,1.8609,1.8615,1.7568,1.7163,1.6617,1.5352,1.5332,1.5326,1.4555,1.2775,1.198,1.1484,1.0879,1.1066,1.075,1.0954,1.28,1.319,1.2877,1.2667,1.3127,1.3661,1.4998,1.7549,2.0023,2.064,2.0165,2.0743,1.8825,1.5102,1.1475,1.1195,1.0711,1.0108,1.049,0.9894,1.0236,1.1368,1.0243,0.9961,1.0164,99
1.2912,1.2984,1.3004,1.2921,1.383,1.3929,1.2683,1.4492,1.5266,1.4743,1.433,1.4711,1.4292,1.33,1.3943,1.4314,1.4807,1.5687,1.5717,1.537,1.5615,1.7166,1.7673,1.8117,1.8696,1.8508,1.8789,1.9049,1.8799,1.8516,1.8786,1.9293,1.9285,1.8438,1.8417,1.8883,1.6895,1.5578,1.5375,1.5775,1.5455,1.5843,1.6334,1.5504,1.5653,1.5961,1.5791,1.5302,1.488,1.49,1.5314,1.4596,1.3977,1.403,1.4599,1.364,1.2342,1.1815,1.2085,1.2204,1.1856,1.1181,1.1124,1.1236,1.1293,1.1361,1.1019,1.0996,1.1962,1.4186,1.4068,1.3123,1.472,1.4864,1.4911,1.5349,1.4769,1.4556,1.4812,1.5207,1.5189,1.5566,1.6075,1.575,1.5866,1.5618,1.479,1.5083,1.5834,1.6293,1.5917,1.5786,1.6497,1.7704,1.8061,1.8524,1.9218,1.9924,2.0062,1.8931,1.7959,1.9518,2.0457,2.0574,2.0515,2.1887,2.1508,1.993,1.8977,1.911,1.9281,1.9239,1.9667,1.8539,1.7256,1.7182,1.7048,1.6904,1.5963,1.3355,1.2552,1.2389,1.2106,1.303,1.3443,1.3575,1.4095,1.3904,1.3291,1.2797,1.3142,1.5041,1.7728,2.0165,2.1954,2.2357,2.2022,2.2293,2.0978,1.8218,1.5006,1.332,1.24,1.1793,1.1173,1.0651,1.1196,1.225,1.1323,1.0507,1.0242,110
1.5824,1.6297,1.5711,1.6728,1.6436,1.5192,1.4327,1.608,1.6962,1.6193,1.486,1.7223,1.808,1.6652,1.7404,1.7803,1.7691,1.7556,1.8441,1.8912,1.8884,1.8983,2.0036,2.1781,2.3179,2.2583,2.2748,2.2876,2.2181,2.2,2.229,2.29,2.3374,2.1937,2.0654,2.0351,1.9894,1.998,1.9989,1.9403,1.8945,1.8544,1.8727,2.0002,1.9914,1.9435,1.9153,1.8466,1.7735,1.7769,1.8797,1.8509,1.7904,1.7586,1.7632,1.6033,1.454,1.4505,1.5571,1.5656,1.4838,1.4152,1.4874,1.4267,1.2955,1.479,1.4387,1.4079,1.5728,1.5719,1.622,1.6999,1.6946,1.7604,1.8093,1.799,1.7811,1.7729,1.8115,1.8934,1.8453,1.8938,1.9967,1.9267,1.8957,1.8332,1.7232,1.7547,1.8579,1.9404,1.9328,1.9932,2.0215,2.0204,2.1281,2.2718,2.3397,2.2987,2.4156,2.3398,2.22,2.4604,2.5229,2.4446,2.3539,2.4052,2.3888,2.3443,2.3675,2.3434,2.3038,2.2655,2.2201,2.1798,2.1209,2.0447,2.0616,2.0534,1.9471,1.7252,1.5918,1.5214,1.5072,1.6609,1.683,1.6482,1.7182,1.6964,1.6405,1.6307,1.7502,1.8414,2.0044,2.3188,2.6229,2.7622,2.7932,2.8851,2.708,2.3028,1.83,1.5716,1.4387,1.3883,1.3824,1.3827,1.4385,1.5137,1.4602,1.3205,1.2287,148
1.4116,1.4898,1.3981,1.3911,1.4467,1.4362,1.3397,1.4917,1.5815,1.5805,1.585,1.6563,1.6377,1.5409,1.5618,1.5137,1.5354,1.7017,1.7729,1.765,1.7818,1.9246,1.9765,2.016,2.0783,2.1246,2.077,2.0347,2.0619,2.0162,1.992,2.0283,2.1064,2.015,1.9204,1.8834,1.794,1.7289,1.7343,1.7996,1.7551,1.8067,1.9202,1.9285,1.821,1.7686,1.8283,1.8607,1.7663,1.6731,1.704,1.6812,1.6012,1.536,1.5826,1.4449,1.3119,1.3057,1.2709,1.3445,1.4108,1.3237,1.2515,1.2709,1.3673,1.4363,1.3083,1.2533,1.4494,1.6171,1.6061,1.5523,1.6847,1.664,1.7152,1.8413,1.6646,1.6153,1.687,1.741,1.6205,1.6068,1.7137,1.7504,1.7473,1.7003,1.6367,1.6516,1.7281,1.8159,1.8493,1.7738,1.7826,1.9038,1.9591,1.9998,2.0786,2.1889,2.1271,1.9827,1.967,2.2915,2.332,2.2419,2.1971,2.2065,2.2304,2.1739,1.9908,1.9878,2.0137,1.9996,1.9942,1.939,1.8879,1.8755,1.7855,1.7874,1.774,1.511,1.3329,1.3429,1.4859,1.4717,1.5377,1.6586,1.7252,1.7205,1.6526,1.5673,1.5475,1.7224,1.977,2.1804,2.3786,2.4984,2.5667,2.6454,2.3755,1.9438,1.5769,1.4185,1.3512,1.3072,1.253,1.2707,1.3197,1.3268,1.1914,1.1142,1.0591,121
1.615,1.6876,1.7025,1.8084,1.8418,1.7618,1.6377,1.7561,1.8434,1.8469,1.8178,1.8041,1.7903,1.7743,1.7744,1.8578,1.9592,2.0018,1.932,1.9817,2.109,2.1658,2.1922,2.2805,2.4019,2.3986,2.4895,2.4918,2.3129,2.3332,2.379,2.3976,2.3871,2.3061,2.2248,2.1679,2.0907,1.9991,1.9788,2.057,2.0216,1.9972,2.0147,2.0447,2.0365,2.0198,2.0005,1.9317,1.94,1.9543,1.8966,1.906,1.8443,1.7612,1.8172,1.724,1.5776,1.4924,1.5135,1.4946,1.4563,1.4599,1.4343,1.4179,1.4277,1.4522,1.4418,1.5158,1.7112,1.7704,1.7474,1.7451,1.852,1.7977,1.7884,1.8864,1.8905,2.0168,2.0765,1.895,1.7469,1.7892,1.9521,1.9986,1.9129,1.807,1.7813,1.8733,1.9541,1.9719,1.9317,1.9504,2.0044,2.0957,2.2641,2.3094,2.3276,2.4161,2.4268,2.4096,2.4205,2.5042,2.5381,2.5316,2.5082,2.4784,2.4817,2.4951,2.4715,2.3728,2.303,2.2958,2.2977,2.2181,2.1102,2.0398,1.9948,1.9962,1.9461,1.7157,1.6511,1.6952,1.7509,1.7515,1.7847,1.833,1.8466,1.8245,1.7778,1.7428,1.7812,1.9661,2.2409,2.522,2.7735,2.9168,2.9584,2.9448,2.6451,2.2043,1.814,1.6514,1.5877,1.5083,1.3496,1.3487,1.4277,1.4872,1.4337,1.3186,1.2153,153
1.42,1.075,1.199,0.673,0.502,1.23,2.47,1.681,1.044,1.212,1.866,1.099,0.81,1.619,2.437,1.628,0.625,0.6,0.296,0.346,0.608,0.532,0.956,1.102,0.25,0.175,0.14,0.227,0.245,0.062,0.116,0.328,0.257,0.494,0.68,0.797,0.294,0.224,0.299,0.06,0.49,0.355,0.31,0.678,0.645,0.004,0.771,0.099,0.18,0.194,0.827,0.948,0.976,1.275,1.743,1.319,0.381,0.36,0.056,0.281,0.408,0.872,1.103,0.866,0.505,0.823,0.14,0.545,0.881,2.117,1.956,1.121,1.147,0.962,1.012,1.252,0.768,1.481,2.103,1.224,0.206,1.529,3.614,2.31,2.433,2.395,1.28,1.675,2.893,3.397,1.924,1.245,1.384,2,2.561,2.953,3.475,4.142,3.752,2.154,1.383,4.136,4.559,3.529,2.662,3.141,4.498,4.734,2.491,2.935,3.903,4.045,3.415,3.353,3.72,3.991,3.612,3.528,3.284,1.794,0.944,1.145,2.111,2.822,1.768,0.653,1.683,2.54,2.072,1.054,2.245,2.933,2.933,2.821,3.669,4.033,3.878,4.065,3.937,3.724,3.415,2.116,1.649,1.666,1.131,0.438,1.514,3.474,1.854,0.162,0.111,123
1.756,3.009,2.53,2.396,3.231,3.196,1.851,4.051,3.854,2.058,2.018,3.297,3.207,2.184,3.899,3.642,3.023,3.534,2.944,2.706,2.948,3.376,4.98,5.736,5.234,5.066,5.207,4.903,3.933,4.011,4.166,4.468,5.272,5.428,5.186,4.663,3.664,3.806,4.242,3.937,3.21,2.876,2.895,2.824,3.758,3.918,3.071,3.741,3.762,3.578,3.879,3.319,2.991,3.2,3.494,2.09,1.497,2.834,3.384,3.307,2.808,2.264,2.14,2.442,2.74,2.273,2.026,2.307,3.162,4.679,3.745,2.215,3.671,4.012,4.179,4.249,2.402,2.87,3.761,2.662,1.922,2.388,3.688,4.503,4.219,3.651,3.566,4.208,4.13,3.976,4.796,4.651,4.283,4.228,4.554,5.287,5.374,4.438,5.213,4.376,3.334,5.827,5.776,4.688,4.418,5.603,6.283,5.495,3.495,4.54,5.602,5.34,4.725,3.387,3.032,4.59,5.551,5.036,3.469,2.17,1.488,1.908,3.032,2.859,2.469,2.795,4.124,3.378,2.56,2.699,3.371,4.321,4.178,2.648,3.659,4.766,5.149,5.069,3.605,2.861,3.535,2.512,1.98,1.919,1.592,1.123,1.917,3.438,2.659,1.88,1.659,161
0.898,0.9211,0.9421,1.088,1.1453,1.0398,0.8515,0.9769,1.0477,1.008,0.9625,1.121,1.0904,0.9014,1.051,1.0829,1.0851,1.1716,1.2532,1.2298,1.1641,1.1787,1.2403,1.2877,1.3245,1.4236,1.4491,1.3931,1.3138,1.3701,1.3833,1.3633,1.3956,1.4118,1.3999,1.3621,1.3127,1.2784,1.2202,1.1296,1.1455,1.1924,1.2052,1.1519,1.2227,1.288,1.2536,1.1309,1.0274,0.9899,1.0207,1.0615,1.0046,0.9345,1.0408,0.9662,0.8534,0.8468,0.9586,0.9966,0.9878,1.0105,0.9406,0.8902,0.8792,0.828,0.8138,0.8512,0.9354,1.0707,1.0243,0.9365,1.0746,1.1187,1.1192,1.1087,1.0437,1.0498,1.0928,1.1056,1.0759,1.1358,1.2464,1.2496,1.2382,1.214,1.175,1.1266,1.1864,1.2884,1.3106,1.2797,1.3402,1.4683,1.4415,1.3666,1.3385,1.4013,1.4626,1.3647,1.2801,1.528,1.5618,1.4707,1.4113,1.5034,1.6063,1.582,1.3757,1.3367,1.4048,1.5036,1.5662,1.4722,1.3487,1.3262,1.3591,1.3725,1.3129,1.164,1.1034,1.0578,0.9939,1.0214,1.0846,1.1574,1.2139,1.1895,1.087,0.9753,0.988,1.1541,1.3533,1.4856,1.661,1.7488,1.7332,1.6694,1.445,1.1898,1.0261,1.0109,0.9425,0.8365,0.7914,0.8081,0.8726,0.9394,0.928,0.8925,0.8456,91
1.206,1.2626,1.2047,1.2183,1.2979,1.2749,1.1169,1.2372,1.321,1.3157,1.2973,1.3995,1.4168,1.3378,1.373,1.3327,1.3204,1.4025,1.3981,1.4668,1.5433,1.5196,1.6849,1.777,1.7482,1.8224,1.7354,1.6682,1.7593,1.7765,1.7784,1.7847,1.7889,1.707,1.6384,1.6166,1.5738,1.5478,1.4958,1.4109,1.4542,1.5053,1.5348,1.56,1.5064,1.4498,1.4306,1.4129,1.377,1.3726,1.43,1.4342,1.3603,1.3143,1.449,1.267,1.1007,1.1575,1.1653,1.1823,1.1634,1.0666,1.0044,1.0232,1.0613,0.9672,0.9268,1.0023,1.1649,1.2305,1.2382,1.2537,1.336,1.3422,1.3841,1.4542,1.3442,1.4072,1.5107,1.4672,1.4175,1.3953,1.3843,1.3412,1.4152,1.4207,1.2992,1.375,1.4315,1.4606,1.5018,1.3843,1.3808,1.5562,1.7016,1.7124,1.7097,1.7967,1.8179,1.7861,1.7828,1.8986,1.8111,1.7416,1.8289,1.9259,2.0177,2.0225,1.8908,1.8287,1.7933,1.7667,1.7723,1.7368,1.6876,1.6587,1.6309,1.5653,1.4528,1.3177,1.3134,1.21,0.9885,1.1349,1.2325,1.2495,1.2728,1.2452,1.1909,1.1618,1.2329,1.3855,1.5992,1.844,2.0925,2.1871,2.1826,2.2433,1.9956,1.6507,1.4071,1.27,1.1443,1.0521,1.0458,1.0488,1.097,1.1757,1.2002,1.0914,0.9753,107
1.2409,1.2914,1.2527,1.3511,1.4091,1.3802,1.3044,1.3797,1.3633,1.3153,1.3985,1.5556,1.5744,1.4765,1.5276,1.4533,1.4196,1.5369,1.5487,1.5885,1.6215,1.5942,1.8013,1.8941,1.8304,1.9464,1.9987,1.9552,1.8704,1.9147,1.8966,1.8962,2.0502,1.9182,1.8459,1.9043,1.7462,1.6201,1.5875,1.6152,1.5109,1.5062,1.5822,1.5917,1.6465,1.6798,1.6615,1.6432,1.5578,1.4838,1.5027,1.5543,1.5508,1.5288,1.5913,1.4473,1.2547,1.1818,1.2987,1.3753,1.3266,1.1668,1.077,1.0658,1.1075,1.1505,1.103,1.1179,1.2742,1.3195,1.4081,1.5005,1.4932,1.5381,1.5975,1.5863,1.3749,1.4806,1.6511,1.566,1.5118,1.5526,1.6351,1.6269,1.6013,1.5459,1.4685,1.4371,1.4843,1.5767,1.6453,1.6106,1.6097,1.6732,1.6922,1.7645,1.836,1.854,1.8924,1.8736,1.8476,1.9278,1.9682,2.0066,2.0621,2.0666,2.1279,2.1392,1.9935,2.0232,2.0268,1.9536,1.9447,1.8546,1.7361,1.6727,1.6998,1.7774,1.7469,1.4356,1.2896,1.2861,1.3267,1.2993,1.2807,1.3002,1.3524,1.3366,1.3017,1.2742,1.2486,1.4671,1.7825,2.0237,2.296,2.4173,2.4161,2.4412,2.2647,1.8923,1.4648,1.3331,1.2623,1.1954,1.1406,1.1033,1.1183,1.1791,1.2275,1.1225,0.9978,107
1.3047,1.3464,1.3788,1.3577,1.3835,1.3971,1.3774,1.5093,1.5087,1.3859,1.2976,1.4142,1.4358,1.3174,1.316,1.4142,1.5345,1.61,1.6517,1.5782,1.5332,1.6997,1.8599,1.9005,1.8718,1.981,1.8599,1.7175,1.7455,1.7406,1.7731,1.8615,1.972,1.8859,1.7806,1.748,1.7269,1.5958,1.507,1.5783,1.6087,1.622,1.6347,1.6564,1.636,1.6812,1.761,1.6131,1.459,1.4109,1.4842,1.471,1.3891,1.3305,1.4049,1.2769,1.1411,1.1344,1.1262,1.1871,1.2115,1.0975,1.072,1.1457,1.2494,1.2523,1.1736,1.1372,1.2333,1.4369,1.4623,1.3964,1.4789,1.5245,1.5409,1.5042,1.3176,1.388,1.4971,1.3813,1.2932,1.3844,1.5367,1.4625,1.489,1.4466,1.2873,1.3894,1.4695,1.5282,1.6375,1.6389,1.6114,1.6308,1.7462,1.8446,1.8868,1.8864,1.9733,1.8987,1.7887,1.9597,1.9897,1.9093,1.8442,1.9974,2.0223,1.9168,1.8035,1.7109,1.727,1.7877,1.6719,1.5648,1.524,1.5372,1.4566,1.5156,1.5586,1.2606,1.228,1.2935,1.294,1.2711,1.2363,1.2653,1.3979,1.3608,1.3228,1.3579,1.4047,1.5867,1.8281,2.0243,2.1495,2.1986,2.1855,2.1355,2.0535,1.7962,1.3927,1.2698,1.179,1.0751,0.9862,0.9273,0.9527,1.0358,1.0486,0.9754,0.9083,110
3.642,3.523,3.701,4.624,4.251,3.036,2.18,3.465,4.236,4.203,4.196,5.003,4.817,3.74,3.98,3.627,4.121,5.918,5.295,4.367,3.987,4.401,5.488,6.301,6.495,6.472,6.311,6.251,6.187,4.795,5.098,6.403,6.438,5.95,5.872,6.246,5.989,5.298,4.925,5.152,4.251,4.11,4.746,5.081,4.911,4.599,4.318,3.832,3.324,3.504,4.585,4.399,4.006,3.96,4.294,4.077,3.924,4.177,4.174,4.339,4.333,3.806,3.679,3.713,3.738,3.688,2.464,2.458,4.606,4.207,3.336,3.237,4.448,4.978,5.115,4.882,3.571,3.886,5.005,5.331,4.311,4.394,5.775,6.786,5.625,4.827,5.601,4.766,4.996,5.615,5.013,4.042,4.014,4.905,5.145,5.325,5.197,4.861,6.347,5.624,4.346,7.11,8.008,6.797,5.124,6.822,7.713,6.992,5.572,6.51,6.984,6.268,6.242,5.035,4.396,5.504,5.282,5.371,5.288,3.613,3.471,3.651,3.48,4.526,4.393,3.995,4.735,3.427,2.442,2.748,3.36,3.651,4.093,5.231,7.186,6.65,4.937,6.071,6.322,5.811,4.977,3.701,2.297,2.072,3.794,2.446,2.173,3.833,3.374,2.399,2.008,339
1.3768,1.4888,1.5126,1.5679,1.5849,1.5066,1.3751,1.4873,1.5302,1.4842,1.4676,1.5993,1.6219,1.514,1.5238,1.4798,1.5233,1.7132,1.7492,1.7899,1.8322,1.8316,1.9079,2.0481,2.1497,2.038,1.9901,2.0093,2.0363,2.0164,2.0207,2.0481,2.0521,1.9393,1.8134,1.7608,1.8194,1.7804,1.7175,1.7244,1.722,1.7524,1.7662,1.692,1.743,1.7931,1.7708,1.7447,1.6661,1.6003,1.6131,1.664,1.6148,1.5075,1.4999,1.4016,1.309,1.3026,1.3568,1.4116,1.3743,1.211,1.214,1.2236,1.2189,1.3289,1.3466,1.4091,1.5864,1.5886,1.5257,1.5163,1.6393,1.5938,1.6367,1.7736,1.5884,1.538,1.6075,1.6451,1.4885,1.5066,1.6837,1.7206,1.7583,1.6654,1.4432,1.4403,1.596,1.7442,1.7215,1.72,1.78,1.8998,2.0397,2.0093,2.0035,2.1759,2.2479,2.1648,2.0705,2.1971,2.2125,2.1726,2.1376,2.0688,2.0741,2.0447,1.882,2.0043,2.0538,1.9466,1.937,1.8124,1.7353,1.8211,1.7894,1.7366,1.6046,1.2885,1.1771,1.241,1.3816,1.5029,1.4696,1.4257,1.5512,1.5749,1.5585,1.5155,1.3896,1.5949,1.924,2.1328,2.4142,2.5049,2.4577,2.5042,2.2686,1.9671,1.7604,1.5138,1.3523,1.2396,1.1107,1.1535,1.1977,1.1768,1.1869,1.1727,1.1215,118
3.128,3.126,2.303,2.796,2.659,2.411,2.749,3.649,3.889,3.294,2.44,3.01,3.511,3.131,2.101,1.77,2.49,3.811,3.958,3.743,3.616,3.768,3.469,4.216,5.399,4.088,3.652,3.997,4.257,3.459,3.692,4.77,5.325,4.379,3.849,4.327,4.45,4.183,3.44,2.503,2.627,3.318,4.144,4.675,4.383,3.576,2.788,2.727,2.754,2.674,2.37,1.369,1.449,2.661,3.589,2.097,1.237,2.459,2.656,1.92,1.03,1.009,2.179,2.997,2.846,2.162,1.269,1.327,2.696,3.499,3.102,2.367,2.773,3.673,4.629,4.954,3.586,3.257,3.638,3.618,2.529,2.88,4.386,4.74,5.229,4.782,3.129,2.172,3.155,4.511,3.968,2.893,2.413,2.69,2.794,3.396,4.158,4.579,4.432,3.689,3.556,5.532,5.591,4.441,3.691,5.572,5.889,4.87,4.242,4.108,4.198,4.46,5.093,5.249,4.709,3.856,4.452,4.541,3.72,2.666,2.162,1.524,0.769,1.747,1.978,2.05,3.074,2.476,1.771,1.814,2.419,3.425,3.991,3.621,3.319,3.21,3.425,3.949,3.293,3.295,4.294,2.285,1.961,2.76,2.412,1.833,1.78,2.358,2.876,2.128,1.606,256
1.3381,1.3775,1.4064,1.4525,1.4999,1.4707,1.3881,1.5833,1.6357,1.5519,1.5277,1.6767,1.6795,1.5272,1.5613,1.6273,1.6767,1.7126,1.8322,1.8922,1.8615,1.7976,1.9458,2.0904,2.1411,2.1846,2.1259,2.0614,2.0667,2.0423,2.0988,2.1905,2.2008,2.1035,2.0165,1.9641,1.8399,1.7883,1.8016,1.8227,1.7557,1.7852,1.8756,1.8759,1.8404,1.8528,1.9022,1.8319,1.7424,1.7308,1.8221,1.782,1.6935,1.6249,1.6136,1.5103,1.4204,1.4084,1.3874,1.3716,1.3738,1.3876,1.295,1.2239,1.2561,1.4023,1.4092,1.4581,1.6404,1.5497,1.5355,1.6487,1.7688,1.671,1.6792,1.8407,1.7446,1.7979,1.884,1.8152,1.676,1.6793,1.8147,1.8967,1.8659,1.7499,1.6224,1.6061,1.7147,1.8033,1.7317,1.8226,1.871,1.8452,1.9509,2.0611,2.1322,2.1607,2.2208,2.1534,2.1061,2.3556,2.3141,2.2062,2.2265,2.3097,2.3836,2.373,2.2564,2.2638,2.2595,2.2092,2.2077,2.0826,1.9702,1.9886,1.9883,1.9217,1.7528,1.4915,1.4742,1.4787,1.3958,1.4794,1.5226,1.5857,1.7538,1.7027,1.6477,1.6444,1.5391,1.6725,1.9923,2.3459,2.615,2.7972,2.857,2.7425,2.4471,2.04,1.6393,1.4411,1.3768,1.3715,1.3513,1.3253,1.3673,1.4319,1.3212,1.2353,1.1841,113
1.4565,1.5071,1.5107,1.5866,1.6853,1.6077,1.3732,1.6662,1.7352,1.5994,1.5875,1.698,1.7071,1.6321,1.7472,1.7574,1.7692,1.8563,1.7823,1.821,1.9023,1.8708,2.0516,2.2466,2.3268,2.2905,2.2451,2.2247,2.2307,2.2292,2.2413,2.2781,2.3283,2.2698,2.2062,2.1312,1.8821,1.7919,1.8244,1.8587,1.8133,1.8424,1.9091,1.887,1.9124,1.9438,1.9475,1.9312,1.8653,1.8115,1.8226,1.8258,1.7127,1.6269,1.8303,1.659,1.4365,1.4141,1.417,1.4263,1.4164,1.3749,1.3218,1.3233,1.3856,1.4495,1.3708,1.3633,1.5454,1.6019,1.5313,1.515,1.7507,1.7621,1.8031,1.9204,1.7739,1.7445,1.8301,1.8918,1.6708,1.7187,1.9665,1.9009,1.82,1.7481,1.7002,1.7657,1.7986,1.7913,1.7931,1.8234,1.9336,2.0904,2.165,2.2019,2.222,2.2497,2.345,2.3248,2.2851,2.4563,2.438,2.3913,2.41,2.3037,2.3378,2.3814,2.2346,2.1472,2.1274,2.1356,2.0984,2.065,2.0102,1.9274,1.9222,1.9047,1.7884,1.5313,1.4835,1.532,1.5571,1.5483,1.5492,1.5924,1.6809,1.6951,1.6656,1.6405,1.6743,1.7838,2.0071,2.3422,2.6862,2.8591,2.864,2.8121,2.4674,1.9897,1.584,1.4415,1.3828,1.316,1.2141,1.2364,1.3689,1.4779,1.301,1.2042,1.1668,131
1.5759,1.6497,1.6848,1.7149,1.7314,1.6942,1.63,1.7641,1.8443,1.8237,1.767,1.8082,1.8501,1.8444,1.8192,1.9156,2.0092,2.0089,2.0533,2.0861,2.1055,2.1394,2.255,2.3598,2.4295,2.5239,2.4823,2.4011,2.379,2.3538,2.4198,2.4922,2.427,2.3222,2.2411,2.1796,2.0565,2.0724,2.0882,1.9875,1.9883,1.9925,2.0294,2.1626,2.0944,2.1096,2.2473,2.0808,2.0491,2.0926,2.0553,1.987,1.9377,1.9452,2.0102,1.8353,1.6643,1.632,1.4938,1.4357,1.455,1.483,1.4811,1.4596,1.4698,1.5864,1.5554,1.5276,1.6487,1.85,1.9193,1.8895,1.9107,1.9346,2.0194,2.1052,1.9572,1.8921,1.9353,2.0112,1.9954,2.0337,2.0861,1.9901,1.9463,1.933,1.9205,1.9358,1.9926,2.0904,2.1993,2.1624,2.1683,2.2583,2.2782,2.3425,2.4063,2.43,2.5259,2.4891,2.4445,2.6787,2.7958,2.7342,2.5964,2.7164,2.701,2.5754,2.4979,2.4605,2.448,2.4621,2.5202,2.4296,2.2724,2.1647,2.1088,2.11,2.0732,1.8668,1.647,1.5545,1.6298,1.7518,1.8075,1.8082,1.8148,1.8263,1.8461,1.8584,1.8307,1.9529,2.2114,2.5362,2.8894,3.0701,3.0742,3.0199,2.7325,2.3242,1.9488,1.7656,1.6616,1.5878,1.5278,1.5321,1.5849,1.6281,1.5596,1.3938,1.2959,147
1.559,1.5735,1.6913,1.7357,1.8382,1.7963,1.5756,1.7542,1.8032,1.7604,1.854,1.8842,1.8593,1.8136,1.7946,1.8395,1.889,1.9168,2.0551,2.0428,1.9968,2.14,2.219,2.3061,2.3835,2.3186,2.3809,2.4287,2.3542,2.3888,2.4414,2.4692,2.4481,2.3293,2.2638,2.2501,2.0817,2.0051,2.036,2.0957,1.9872,2.0008,2.0952,2.0585,2.011,2.0195,2.0806,2.0984,2.007,1.9494,2.0409,2.0632,1.9122,1.7228,1.765,1.6849,1.6102,1.611,1.4935,1.5206,1.5841,1.5048,1.4689,1.476,1.5054,1.5238,1.4321,1.4606,1.7093,1.7751,1.7444,1.7285,1.8349,1.9658,2.0158,1.9649,1.9083,1.91,1.9523,1.9675,1.7882,1.7904,1.9552,1.9637,1.7934,1.7446,1.9056,1.7885,1.8427,1.9672,1.9194,1.9566,2.0075,2.0863,2.3239,2.3708,2.3464,2.4131,2.4973,2.4106,2.3342,2.6181,2.6796,2.6406,2.6156,2.5074,2.5037,2.5569,2.5493,2.5049,2.4423,2.3796,2.3324,2.3198,2.2604,2.1157,2.046,2.0016,1.9114,1.7086,1.5076,1.4765,1.6237,1.6612,1.6572,1.6905,1.8108,1.8442,1.7901,1.6924,1.634,1.8953,2.2948,2.5947,2.7786,2.9634,3.0834,2.9635,2.6956,2.3382,1.9687,1.7011,1.6046,1.5859,1.5034,1.4024,1.4256,1.5385,1.4807,1.3629,1.2744,146
0.669,1.323,2.63,3.242,2.53,1.112,0.22,2.135,2.351,1.696,2.713,2.897,2.288,1.638,2.159,2.215,2.649,3.609,1.977,1.563,2.349,2.798,3.51,4.03,3.915,2.884,3.167,3.523,2.93,3.093,3.565,4.083,4.341,3.327,2.517,2.7,3.504,3.246,2.714,2.735,2.067,2.118,2.471,1.879,1.785,2.111,2.386,1.812,1.226,1.359,2.246,1.467,0.919,1.414,2.65,2.168,1.392,1.663,3.144,3.206,2.1,1.213,1.525,1.165,0.617,2.566,1.47,0.61,2.582,3.543,3.402,2.982,3.326,2.295,2.309,3.565,2.623,2.051,2.254,2.703,1.452,1.876,3.533,3.294,3.714,3.717,2.725,2.219,3.014,3.864,3.122,2.416,2.374,2.786,2.591,3.257,3.625,2.879,3.517,2.68,1.727,4.109,4.837,3.871,2.448,2.881,3.689,3.925,3.238,3.649,3.731,3.485,4.57,3.255,2.309,3.888,3.528,3.338,3.257,2.045,0.638,0.516,1.865,2.442,2.203,1.891,2.276,2.003,1.4,0.913,1.005,2.429,3.51,3.12,3.903,4.266,3.822,3.103,3.09,3.329,3.237,2.344,1.912,1.341,0.104,0.844,2.305,2.842,2.083,1.528,1.256,87
3.001,3.025,2.658,3.647,3.947,2.73,0.851,3.061,2.98,1.682,2.794,4.164,3.864,2.508,3.228,3.467,3.88,4.806,4.117,3.073,2.81,4.044,5.359,5.684,4.963,4.224,4.31,4.316,3.687,3.938,4.47,5.341,6.512,5.228,4.128,4.224,3.923,4.762,4.961,3.455,3.88,3.923,3.613,4.174,4.856,4.593,3.524,3.601,3.372,3.069,3.267,4.116,4.083,3.366,3.376,3.376,2.854,2.1,2.932,4.067,4.088,2.379,2.537,3.046,3.35,4.04,3.152,2.265,2.812,4.139,4.061,3.284,3.664,3.31,3.523,4.456,4.303,3.531,3.491,4.635,2.727,3.144,5.549,5.433,4.772,4.338,4.395,4.462,4.888,5.081,4.4,4.109,4.182,4.251,3.7,4.507,5.392,5.153,5.565,5.226,4.646,5.339,5.512,5.322,5.271,6.104,5.819,5.065,5.206,5.814,5.44,4.65,6.104,5.033,3.931,5.143,5.321,4.863,4.077,3.313,3.339,3.429,3.289,3.883,4.015,3.602,3.071,3.232,3.002,2.467,3.112,3.942,4.386,4.365,5.032,6.006,6.19,4.408,4.358,4.472,3.599,3,2.912,2.849,2.253,2.372,2.559,2.623,3.132,2.513,1.791,235
0.928,1.0115,1.1562,1.2035,1.2288,1.1184,0.9162,1.1875,1.2873,1.2084,1.2121,1.361,1.3766,1.243,1.2412,1.2447,1.3049,1.443,1.5417,1.4891,1.4021,1.4722,1.6206,1.7543,1.8131,1.7811,1.7053,1.6568,1.6788,1.7367,1.8179,1.8749,1.8525,1.7473,1.6925,1.6908,1.5731,1.4898,1.502,1.5722,1.4104,1.4215,1.5497,1.5075,1.5272,1.5267,1.4585,1.3725,1.363,1.4509,1.5768,1.491,1.3749,1.349,1.4418,1.2409,1.0478,1.077,1.1771,1.2036,1.1689,1.1417,1.1082,1.0749,1.0619,1.0973,1.094,1.1003,1.1552,1.2006,1.234,1.28,1.3661,1.4216,1.4584,1.4605,1.3598,1.3635,1.464,1.5663,1.4959,1.5022,1.5954,1.6062,1.5927,1.5217,1.4172,1.4543,1.4778,1.4718,1.4753,1.5044,1.6218,1.7761,1.7877,1.7532,1.7722,1.8711,1.8406,1.7716,1.7593,1.8761,1.9398,1.9353,1.9007,1.9193,2.0691,2.1458,1.9542,1.9399,2.0222,2.062,1.9027,1.8387,1.7635,1.614,1.7926,1.7568,1.5212,1.4287,1.2848,1.1761,1.1799,1.311,1.333,1.3059,1.3668,1.4063,1.3718,1.3158,1.3997,1.5203,1.6626,1.8569,2.2489,2.4831,2.4822,2.3663,2.1202,1.7831,1.458,1.3887,1.2594,1.1467,1.2139,1.1266,1.1735,1.3645,1.3113,1.0741,0.9429,92
1.2848,1.3545,1.3055,1.4234,1.38,1.309,1.3636,1.5283,1.4782,1.3388,1.3971,1.5831,1.5971,1.4427,1.4506,1.4336,1.498,1.6768,1.6814,1.6419,1.6408,1.7307,1.8934,1.9976,2.0222,2.0737,2.0658,1.9732,1.8485,1.9275,1.95,1.9723,2.1324,2.0138,1.8419,1.7697,1.7843,1.7085,1.6035,1.5655,1.6017,1.6198,1.6221,1.6589,1.6771,1.6444,1.5963,1.6681,1.5936,1.5471,1.6873,1.604,1.4993,1.5046,1.6448,1.4463,1.2548,1.2883,1.2783,1.2596,1.2403,1.2235,1.1845,1.2114,1.2854,1.2801,1.1424,1.1406,1.3784,1.3522,1.3564,1.4357,1.514,1.5497,1.6278,1.7293,1.6747,1.6583,1.6684,1.6472,1.5729,1.6249,1.7561,1.7584,1.7235,1.6694,1.616,1.5993,1.7004,1.7786,1.6724,1.6716,1.6996,1.752,1.9315,1.9551,1.9836,2.1463,2.1139,1.9989,1.9607,2.1483,2.2892,2.2299,2.0462,2.2212,2.2603,2.1646,2.1121,2.2047,2.29,2.2643,2.1027,2.0011,1.9316,1.8538,1.8767,1.8815,1.7573,1.4504,1.3933,1.4044,1.3479,1.3284,1.4185,1.5472,1.6064,1.6481,1.567,1.4465,1.5805,1.7572,1.9337,2.1195,2.3836,2.5546,2.5983,2.5686,2.3701,2.0399,1.6844,1.5179,1.3635,1.2696,1.3253,1.3202,1.3514,1.4244,1.4038,1.3244,1.2598,108
1.44,1.5142,1.4729,1.5579,1.5086,1.4049,1.3744,1.506,1.5101,1.4156,1.3969,1.5677,1.6055,1.4932,1.558,1.6219,1.6562,1.6698,1.6933,1.7073,1.77,1.9307,1.9795,2.0217,2.0728,2.0273,2.0109,1.9856,1.9193,1.8867,1.8996,1.9498,2,1.9163,1.7929,1.7364,1.8348,1.701,1.6234,1.8151,1.7104,1.7029,1.7877,1.7594,1.8114,1.8283,1.766,1.7353,1.6415,1.5758,1.6188,1.6203,1.5245,1.4092,1.4234,1.3155,1.2344,1.2627,1.2409,1.2139,1.1762,1.1276,1.165,1.1981,1.2173,1.2946,1.232,1.2377,1.4318,1.5006,1.4524,1.4014,1.4857,1.5155,1.5879,1.6594,1.4513,1.5061,1.6271,1.5342,1.447,1.5033,1.6026,1.5011,1.5884,1.5954,1.4177,1.5122,1.6785,1.7999,1.8068,1.7569,1.8434,2.0338,2.0338,2.0823,2.1277,2.1066,2.1554,2.054,1.9383,2.121,2.1945,2.1204,1.9918,2.0555,2.0891,2.0233,1.8758,1.8046,1.8173,1.8457,1.7566,1.6467,1.6173,1.6949,1.6833,1.6534,1.5866,1.4282,1.3138,1.3181,1.416,1.4208,1.367,1.362,1.4962,1.5969,1.5708,1.4774,1.534,1.6378,1.8685,2.2209,2.2989,2.3224,2.3432,2.2952,2.1422,1.8667,1.5127,1.2243,1.1062,1.0671,0.9683,0.9792,1.0366,1.0748,1.0474,0.9671,0.8972,128
1.539,1.5345,1.584,1.7662,1.7083,1.5929,1.6042,1.6241,1.6149,1.57,1.5218,1.6114,1.6854,1.6767,1.6386,1.7064,1.8068,1.8688,1.9389,2.1029,2.211,2.1023,2.239,2.3919,2.4245,2.368,2.3774,2.3597,2.2559,2.2491,2.3062,2.3313,2.238,2.2571,2.2564,2.1626,2.0175,1.9429,1.982,2.0998,2.1069,2.1045,2.1492,2.2494,2.2364,2.2313,2.26,2.1595,1.9593,1.8204,1.8601,1.896,1.804,1.6788,1.7403,1.65,1.5282,1.4962,1.5545,1.5238,1.4745,1.5229,1.4953,1.5116,1.5712,1.5482,1.5787,1.6502,1.7172,1.7262,1.7623,1.8307,1.8935,1.9251,1.9577,1.9511,1.753,1.8258,1.9646,1.8958,1.8419,1.8295,1.8681,1.9409,1.8743,1.8644,1.9931,1.9715,2.0056,2.0816,2.1171,2.1335,2.2179,2.3508,2.3896,2.547,2.7455,2.8353,2.6463,2.5278,2.5933,2.7606,2.7053,2.5835,2.5346,2.5373,2.5304,2.4729,2.3678,2.3894,2.4011,2.3629,2.3557,2.2362,2.1528,2.2152,2.2253,2.0828,1.8884,1.8526,1.8571,1.8802,1.9148,1.9601,1.9991,2.0417,2.1013,2.1678,2.1159,1.9982,2.0662,2.1584,2.3566,2.7159,3.0617,3.251,3.2707,3.1896,2.854,2.4273,2.0483,1.7019,1.4899,1.4366,1.4968,1.4514,1.4885,1.6009,1.5011,1.4818,1.44,141
1.6011,1.5777,1.5484,1.6119,1.6516,1.6405,1.6183,1.7591,1.7704,1.6929,1.6973,1.7703,1.8164,1.8115,1.815,1.8455,1.8713,1.8855,1.9893,1.9794,1.9192,1.9722,2.1074,2.2485,2.3173,2.2497,2.2655,2.3005,2.2819,2.2925,2.2887,2.3154,2.4197,2.3775,2.2641,2.1464,2.0447,1.9685,1.9081,1.8515,1.7875,1.8304,1.9311,1.957,1.958,1.947,1.9167,1.8317,1.7806,1.8239,1.9448,1.893,1.7527,1.6745,1.803,1.6549,1.5191,1.5747,1.5669,1.5028,1.4375,1.4303,1.4132,1.4089,1.4361,1.4974,1.409,1.3707,1.5254,1.6921,1.6067,1.5203,1.8329,1.9122,1.9282,1.9631,1.8672,1.8244,1.8688,1.9501,1.8685,1.8755,1.9804,2.011,2.0406,1.9369,1.728,1.8449,2.0135,2.0999,2.0566,2.0517,2.0056,1.9731,2.1742,2.3106,2.3848,2.4465,2.4576,2.3405,2.2577,2.4643,2.4562,2.4036,2.4473,2.4955,2.6166,2.6381,2.4156,2.4242,2.4419,2.3868,2.3703,2.2918,2.188,2.1187,2.1187,2.1295,2.0406,1.756,1.6439,1.6066,1.5706,1.639,1.686,1.7029,1.7195,1.7281,1.6822,1.5913,1.5324,1.7781,2.1529,2.4452,2.7427,2.871,2.8741,2.9148,2.6881,2.312,1.9491,1.7262,1.5625,1.4737,1.482,1.4352,1.4638,1.5447,1.4394,1.3499,1.3292,149
0.74,0.932,1.609,2.528,2.26,1.411,0.977,1.826,2.339,2.259,2.022,2.204,1.981,1.378,1.396,1.908,2.57,3.065,3.363,3.119,2.785,3.067,3.934,3.844,3.005,3.572,3.412,2.916,2.74,2.743,2.851,3.236,4.003,4.009,3.909,3.679,2.284,2.335,2.9,2.792,2.978,2.633,2.377,3.312,3.108,3.022,3.504,3.22,1.82,1.375,3.148,2.541,1.914,2.491,4.179,3.027,1.613,1.813,2.184,3.35,3.834,2.352,2.369,2.376,2.097,2.64,2.266,2.101,2.953,3.386,2.835,2.341,3.272,2.457,2.755,4.29,2.605,2.733,3.608,3.235,2.738,2.814,3.467,4.126,4.298,4.251,4.115,3.333,3.139,3.611,4.228,4.07,3.948,3.915,3.032,2.247,2.582,4.219,4.863,4.4,4.283,6.457,6.444,5.733,5.777,6.538,5.929,4.818,4.743,4.301,3.869,3.95,5.015,4.811,4.403,4.797,4.305,3.581,3.102,3.138,2.888,2.459,2.142,2.325,2.788,3.717,4.92,3.436,2.334,2.626,2.636,4.185,5.268,4.448,5.147,4.921,4.079,4.566,4.339,4.255,4.465,2.602,1.96,2.26,1.986,1.429,2.049,3.638,3.841,2.031,0.816,88
1.1135,1.1235,1.1475,1.2583,1.2019,1.0811,1.0493,1.214,1.2016,1.1342,1.2769,1.3197,1.2833,1.2374,1.272,1.2785,1.2896,1.3418,1.4141,1.4528,1.4522,1.4461,1.5462,1.6206,1.6373,1.6904,1.6452,1.5711,1.5433,1.5192,1.6021,1.687,1.6164,1.6356,1.6267,1.5518,1.5105,1.5299,1.5317,1.4379,1.2252,1.2572,1.4454,1.4629,1.4409,1.3965,1.3616,1.4071,1.2901,1.2018,1.3189,1.2562,1.1991,1.2364,1.35,1.2513,1.0729,0.9811,1.0907,1.1606,1.1047,0.9603,1.0618,1.0934,0.9987,1.004,0.993,0.9739,1.0053,1.2655,1.2108,1.03,1.1902,1.2276,1.26,1.3178,1.2331,1.2837,1.3915,1.3985,1.2213,1.2274,1.3697,1.3065,1.2643,1.2603,1.2681,1.2252,1.2501,1.3438,1.4476,1.4698,1.4763,1.522,1.6319,1.6444,1.6245,1.6526,1.6839,1.5551,1.4655,1.7718,1.8744,1.7564,1.5887,1.7496,1.8583,1.7682,1.5066,1.5201,1.6191,1.6536,1.5665,1.5319,1.4849,1.3915,1.51,1.5416,1.4072,1.193,1.1091,1.0713,1.0426,1.1752,1.1712,1.1251,1.217,1.2374,1.2166,1.1899,1.1843,1.3785,1.6252,1.7577,1.8167,1.8971,1.9653,1.9087,1.8045,1.6375,1.4034,1.125,0.9957,0.9686,0.9143,0.8878,0.9541,1.0589,1.0009,0.8846,0.8039,97
1.3291,1.3605,1.3332,1.4215,1.4743,1.4168,1.2971,1.453,1.4622,1.3762,1.4234,1.5557,1.5908,1.5123,1.4887,1.5083,1.5849,1.6904,1.6896,1.6636,1.6407,1.641,1.7699,1.8773,1.9123,1.9547,2.0008,2.0212,1.9973,1.944,1.9902,2.0622,2.0126,1.9476,1.9061,1.8444,1.6299,1.628,1.6742,1.5888,1.5664,1.5834,1.5879,1.5362,1.6347,1.6582,1.5557,1.6078,1.5705,1.5151,1.5432,1.5178,1.488,1.4967,1.5557,1.3957,1.2498,1.2639,1.2745,1.261,1.2221,1.1854,1.2507,1.2781,1.2475,1.2635,1.1558,1.1096,1.2501,1.3813,1.3674,1.3529,1.5504,1.4754,1.4902,1.6464,1.4522,1.4517,1.5697,1.5977,1.4898,1.5496,1.7249,1.7073,1.6296,1.5457,1.4987,1.5335,1.5848,1.6117,1.5996,1.6147,1.6945,1.8275,1.9488,1.9636,1.9885,2.1027,2.0895,2.0357,2.0221,2.1084,2.1813,2.2064,2.2075,2.3064,2.2837,2.1428,1.9867,1.9487,1.9664,1.9804,1.9523,1.9578,1.9337,1.8405,1.8171,1.7408,1.5708,1.3463,1.3283,1.393,1.4217,1.403,1.4163,1.4794,1.5684,1.5948,1.4951,1.3585,1.4345,1.6189,1.8538,2.0971,2.352,2.5078,2.5422,2.4914,2.2993,1.9562,1.5647,1.4607,1.2877,1.1671,1.3039,1.1962,1.1648,1.2764,1.2077,1.1157,1.0545,111
0.826,0.8028,0.6931,0.9114,0.9207,0.7974,0.7348,0.9125,0.902,0.7905,0.8478,0.9415,0.9769,0.9467,0.9349,0.95,0.9735,0.9904,1.0168,1.0458,1.0631,1.0587,1.0566,1.1491,1.2412,1.0502,1.1063,1.2247,1.1813,1.0578,1.1101,1.2499,1.2441,1.1871,1.1365,1.1301,1.1794,1.0785,0.9854,1.035,0.9951,0.9926,1.002,0.9399,1.0232,1.0724,0.9945,0.89,0.8081,0.7939,0.8531,0.8839,0.8647,0.8432,0.8964,0.8077,0.6996,0.6744,0.6958,0.7603,0.7708,0.6583,0.6536,0.6892,0.7358,0.8108,0.7424,0.6636,0.7026,0.8251,0.8195,0.813,1.0245,0.9633,0.8841,0.9071,0.8643,0.8738,0.8789,0.8261,0.851,0.9365,1.0171,1.0023,0.9537,0.9445,0.9956,1.0202,1.0292,1.0304,1.0355,1.0565,1.1109,1.1701,1.1558,1.1763,1.1776,1.1191,1.1406,1.0499,0.9637,1.151,1.2585,1.2317,1.1427,1.2239,1.276,1.243,1.1523,1.1884,1.2182,1.1912,1.1665,1.1031,1.0659,1.096,1.0993,1.0704,0.987,0.8354,0.7464,0.7936,0.9388,0.9659,0.8604,0.7839,0.8885,0.8371,0.84,0.8897,0.7122,0.8543,1.0588,1.067,1.2939,1.4177,1.381,1.3069,1.1736,1.0394,0.934,0.8116,0.6921,0.5815,0.4962,0.5435,0.6217,0.6613,0.6539,0.6305,0.5779,88
1.1827,1.2167,1.223,1.2599,1.2419,1.2048,1.2002,1.259,1.2939,1.2768,1.2292,1.2827,1.3083,1.28,1.2991,1.3283,1.3881,1.4671,1.4474,1.394,1.3726,1.442,1.6034,1.8003,1.9259,1.8381,1.7857,1.7768,1.7727,1.7621,1.7697,1.8041,1.8482,1.7705,1.7147,1.7098,1.616,1.6102,1.61,1.5302,1.4669,1.512,1.553,1.4141,1.4801,1.575,1.5804,1.5631,1.3753,1.2822,1.4872,1.5169,1.3842,1.2817,1.4629,1.2821,1.1299,1.2252,1.1478,1.1359,1.139,1.0576,1.061,1.0458,1.0157,1.0837,1.063,1.0516,1.1416,1.2743,1.2698,1.2172,1.3123,1.4198,1.5143,1.5454,1.4128,1.3591,1.4302,1.5495,1.4113,1.3885,1.4957,1.4832,1.5204,1.5068,1.3976,1.3346,1.3859,1.4677,1.4606,1.4681,1.5007,1.5696,1.6904,1.7024,1.6869,1.7367,1.7828,1.763,1.7853,2.0104,1.9172,1.8114,1.8953,1.974,1.9774,1.9069,1.8145,1.7987,1.8253,1.8526,1.8416,1.7772,1.6847,1.6119,1.6521,1.6475,1.5056,1.2238,1.2222,1.2413,1.1505,1.2471,1.2739,1.2754,1.3528,1.2972,1.1676,1.0927,1.2511,1.3553,1.5007,1.7906,2.0743,2.1815,2.1675,2.2093,1.9421,1.6246,1.448,1.283,1.1653,1.0987,1.0605,0.9237,0.8973,1.0168,1.075,0.9885,0.9282,106
2.338,3.176,3.23,2.428,2.22,1.792,1.037,3.245,3.657,2.275,1.345,2.644,3.417,2.874,2.644,1.739,2.201,4.588,4.36,3.16,2.254,2.54,2.981,3.786,4.592,4.355,3.412,2.738,2.999,3.689,4.656,5.24,4.748,3.744,3.431,3.839,3.521,3.278,3.402,3.773,3.362,2.914,2.413,1.63,2.33,3.495,4.26,4.52,3.109,2.25,3.698,3.562,3.33,3.283,2.804,2.402,1.868,1.526,3.11,3.435,2.834,2.699,2.56,2.412,2.571,3.53,2.526,1.674,2.591,2.914,3.45,4.001,3.959,3.111,3.324,4.372,2.879,2.489,2.817,2.815,3.459,3.76,3.821,4.486,4.796,4.102,2.661,2.457,2.97,3.783,4.3,3.085,2.612,3.402,3.444,3.804,4.039,3.752,3.865,2.786,2.369,5.822,5.892,4.562,4.147,5.264,5.607,4.797,3.541,3.901,4.663,4.822,3.902,4.267,4.554,3.635,3.873,4.561,4.483,2.519,2.134,1.891,1.272,2.956,3.099,2.809,4.107,3.398,1.842,0.779,1.355,2.506,3.289,3.392,4.57,4.359,3.557,4.758,3.92,3.489,4.448,2.747,1.303,0.923,1.388,1.148,2.207,3.988,2.417,1.186,0.761,187
1.1908,1.1926,1.1533,1.3123,1.3491,1.2394,1.0941,1.2074,1.2696,1.266,1.3054,1.4107,1.4695,1.4275,1.3133,1.3849,1.5285,1.588,1.4968,1.4705,1.5548,1.6863,1.6689,1.6987,1.7898,1.7328,1.7877,1.865,1.8357,1.6369,1.6835,1.8438,1.7803,1.8063,1.7597,1.6245,1.609,1.5856,1.5664,1.5778,1.5985,1.5439,1.4665,1.4811,1.4843,1.4828,1.4708,1.4045,1.3607,1.3491,1.3581,1.4007,1.2616,1.1347,1.4353,1.3931,1.2497,1.2226,1.1738,1.2519,1.2941,1.1191,1.039,1.0458,1.0921,1.108,1.0459,1.034,1.1467,1.2293,1.2601,1.271,1.3091,1.2601,1.2818,1.3911,1.3754,1.4251,1.4862,1.4546,1.26,1.3124,1.5318,1.4919,1.4487,1.4372,1.445,1.4178,1.4869,1.5637,1.5151,1.4953,1.5447,1.6558,1.7733,1.691,1.6462,1.8108,1.7967,1.6545,1.5882,1.835,1.8448,1.8178,1.8825,1.8267,1.885,1.9477,1.8487,1.8294,1.8109,1.7784,1.8015,1.7238,1.6115,1.5625,1.6207,1.6008,1.4997,1.4214,1.2526,1.166,1.2428,1.3465,1.3084,1.2196,1.2398,1.287,1.2363,1.1273,1.1817,1.3518,1.5859,1.818,1.972,2.0204,2.0019,1.9865,1.8333,1.614,1.4007,1.1962,1.0517,1.0028,1.0405,0.9383,0.9905,1.1849,1.0854,0.9437,0.8659,106
0.931,0.927,0.8795,0.97,1.0201,0.9477,0.8031,0.9194,1.0449,1.0709,0.9979,1.0964,1.0976,0.9781,1.0057,1.0792,1.1483,1.1757,1.1325,1.091,1.0882,1.1371,1.2238,1.2985,1.3172,1.2537,1.3547,1.4059,1.2627,1.2313,1.3461,1.4686,1.4154,1.4064,1.3377,1.208,1.1728,1.1772,1.166,1.118,1.1204,1.1693,1.1989,1.1285,1.0786,1.0488,1.0428,1.0945,1.0364,0.9818,1.0491,1.0443,1.0305,1.0247,1.0042,0.9202,0.8641,0.8806,0.8859,0.8918,0.8961,0.8902,0.824,0.8945,1.0229,0.8709,0.8403,0.8677,0.8635,0.9432,0.8695,0.7952,0.9936,1.0825,1.0624,1.0044,1.0227,0.9988,0.9986,1.072,0.9978,1.0912,1.2778,1.2124,1.1372,1.0748,1.0304,1.0401,1.1255,1.2328,1.2719,1.1278,1.1441,1.3243,1.2551,1.3021,1.3518,1.2836,1.3367,1.2543,1.1773,1.4335,1.4358,1.3716,1.4161,1.532,1.5544,1.4658,1.3393,1.3749,1.3687,1.2874,1.3025,1.2455,1.2031,1.262,1.352,1.2815,1.1015,1.0114,0.9789,0.971,0.9714,1.0037,1.0277,1.0375,1.0369,1.0043,0.9939,0.9916,0.9068,0.9596,1.1356,1.3569,1.5766,1.5949,1.4842,1.4839,1.4443,1.2977,1.0698,0.9552,0.8479,0.7569,0.7214,0.6898,0.777,0.9534,0.9999,0.8454,0.6973,94
0.515,1.104,0.626,1.869,1.546,0.35,0.45,0.256,0.24,0.173,0.639,1.914,1.892,0.454,0.645,0.304,0.769,0.493,1.143,0.842,0.309,0.608,0.293,1.052,2.184,0.478,0.82,0.417,1.021,0.083,0.674,0.906,0.966,1.099,1.068,0.81,0.537,0.174,0.005,1.41,0.13,0.472,0.552,0.891,1.002,1.128,1.056,0.14,0.35,0.312,1.042,1.301,1.057,0.85,1.388,0.115,1.111,0.789,0.777,1.422,0.881,0.021,0.835,0.975,0.347,1.356,0.822,0.3,0.471,1.513,0.862,0.843,0.479,1.469,1.315,0.321,0.026,0.604,0.818,0.348,1.477,1.863,0.8,0.956,1.83,1.282,0.052,0.544,0.826,0.216,0.902,0.46,0.147,0.478,0.315,0.125,0.018,0.07,0.217,0.402,0.028,1.116,0.831,0.07,0.059,1.079,1.91,2.042,1.54,0.039,0.326,2.046,0.605,0.176,0.572,0.862,0.929,1.782,2.06,0.48,0.988,0.493,0.189,0.02,0.512,0.831,0.126,0.728,0.464,2.471,1.748,0.468,0.254,1.391,0.266,1.141,1.53,0.383,0.452,0.662,0.357,1.109,0.501,0.606,0.436,0.414,0.003,0.737,0.851,0.594,0.074,66
2.235,2.076,3.807,4.235,3.626,2.563,1.985,3.693,3.394,2.309,3.364,3.713,3.706,3.66,3.62,3.307,3.433,4.231,4.296,3.852,3.495,3.828,4.093,5.066,6.161,5.305,5.024,4.735,3.845,3.55,3.862,4.747,5.907,5.829,5.269,4.825,4.613,4.153,4.089,4.688,4.191,3.648,3.674,4.46,5.102,4.819,3.965,4.558,3.344,1.934,2.484,3.783,3.702,2.974,4.124,3.883,3.306,3.31,3.285,3.583,3.494,2.507,3.195,2.649,1.358,3.134,2.511,2.055,3.824,4.362,3.372,2.744,4.742,5.067,4.564,3.903,2.756,3.484,4.742,4.734,4.088,4.564,5.667,5.297,4.142,3.394,3.664,4.257,4.853,4.985,4.445,4.544,4.718,4.814,5.3,5.465,5.678,6.117,5.495,4.306,4.024,6.175,5.975,5.202,5.469,6.448,6.844,6.334,5.329,5.725,5.99,5.766,6.154,5.6,5.007,5.167,4.71,4.639,4.741,4.118,3.047,2.732,3.353,2.93,3.044,3.717,4.305,3.792,2.942,2.277,1.906,2.389,3.518,4.757,5.285,5.446,5.527,5.668,4.583,4.009,4.637,4.185,3.026,1.912,1.643,1.561,2.169,3.292,3.843,2.745,1.611,181
1.803,1.723,2.514,3.697,3.719,2.281,0.443,2.042,2.602,1.907,1.671,3.162,3.324,1.946,2.049,1.848,2.42,4.029,3.494,2.741,2.057,1.424,3.377,5.171,5.244,3.888,2.497,2.223,3.101,2.33,3.353,5.227,5.259,4.751,4.089,3.474,2.94,2.537,2.543,2.94,2.629,2.464,2.876,3.803,3.338,2.654,2.487,2.373,2.772,3.304,3.398,2.736,1.813,1.627,3.134,2.649,1.989,2.462,2.84,2.189,1.405,1.588,0.875,0.501,0.958,1.783,1.336,0.883,1.525,2.399,2.402,2.326,3.507,3.382,2.909,2.697,2.393,1.874,2.215,3.715,2.414,2.139,3.127,2.985,3.81,3.356,1.24,2.448,3.609,3.911,3.603,3.433,2.959,2.457,3.088,3.465,4.153,5.363,4.682,3.212,2.605,4.388,5.119,4.522,3.484,4.264,4.412,4.248,4.669,3.948,3.718,4.256,4.179,3.488,2.897,3.047,3.892,4.155,3.268,1.429,1.06,1.472,1.971,2.83,2.528,1.867,2.132,1.968,1.726,1.638,1.695,2.2,2.329,1.875,3.682,4.41,3.649,3.027,2.888,3.218,3.494,2.264,0.855,0.31,1.031,0.063,0.377,2.731,3.136,2.052,1.067,165
0.625,1.197,2.257,2.332,2.296,1.405,0.039,1.965,2.571,1.876,1.828,1.203,1.364,2.022,1.136,1.716,2.699,2.904,3.087,2.453,1.49,1.32,3.273,4.081,3.335,4.056,3.801,3.249,3.17,2.627,3.218,4.585,5.413,5.198,4.55,3.878,3.188,3.728,4.596,4.638,3.587,3.051,3.254,3.484,2.749,2.556,3.268,3.13,2.822,2.606,2.63,3.011,3.01,3.186,4.706,3.793,2.494,2.618,3.991,3.861,3.042,3.149,2.293,2.056,2.478,1.967,0.925,0.97,2.737,3.887,3.117,2.588,5.123,3.753,3.267,4.961,3.729,3.69,4.192,3.826,3.186,4.416,6.29,5.397,5.163,5.021,4.449,4.205,5.255,6.041,4.685,3.882,4.339,5.303,4.579,4.463,4.83,5.167,5.927,4.406,3.005,6.453,6.87,5.882,5.64,6.914,7.114,6.326,5.653,5.714,5.813,5.903,6.686,6.713,6.144,5.569,5.634,5.758,5.394,4.205,3.697,3.392,3.079,3.658,3.684,3.795,4.82,4.241,2.973,2.111,2.676,4.649,5.697,4.66,6.128,6.476,5.345,4.627,4.814,5.342,5.371,3.688,2.845,2.834,2.765,3.384,3.313,2.527,2.846,3.002,2.774,78
1.5364,1.6166,1.6034,1.6437,1.6579,1.6355,1.6137,1.7293,1.7745,1.7366,1.7054,1.8149,1.8783,1.8386,1.7998,1.703,1.769,2.0253,1.852,1.8469,1.9844,2.0192,2.1708,2.3461,2.4449,2.3911,2.2705,2.196,2.2157,2.1965,2.1769,2.2333,2.3979,2.2606,2.1511,2.1739,2.0752,1.9311,1.853,1.8972,1.9196,1.9448,1.9672,1.9687,1.9559,1.9516,1.9589,1.9515,1.8133,1.7694,1.9729,1.9262,1.7838,1.695,1.7618,1.6595,1.5539,1.563,1.5717,1.5646,1.5116,1.4004,1.2872,1.2858,1.3683,1.3702,1.3294,1.3855,1.5725,1.5982,1.5455,1.5594,1.7617,1.8116,1.8548,1.9304,1.8626,1.8411,1.8836,1.9282,1.7918,1.799,1.9406,1.9557,1.8611,1.7847,1.7929,1.7755,1.8542,1.9356,1.8826,1.8124,1.8768,2.0577,2.1425,2.1367,2.1224,2.1806,2.3388,2.2873,2.1771,2.393,2.3782,2.3087,2.3305,2.345,2.3946,2.3868,2.2491,2.2776,2.2618,2.1844,2.2595,2.1797,2.0779,2.0922,2.0638,1.9792,1.8144,1.5725,1.56,1.5219,1.3604,1.4207,1.4948,1.5403,1.5679,1.5613,1.5756,1.605,1.576,1.7479,2.0598,2.3728,2.5921,2.6891,2.6969,2.6788,2.5182,2.1975,1.8003,1.5836,1.4158,1.3172,1.3327,1.325,1.3455,1.3932,1.386,1.2084,1.0825,140
1.434,1.472,1.522,2.247,2.451,1.773,0.698,1.367,2.096,2.48,2.673,2.74,2.744,2.56,1.91,1.321,1.59,2.765,3.034,2.529,2.242,3.21,3.963,3.776,3.19,3.952,3.239,2.868,3.949,2.728,3.008,4.417,4.716,3.989,3.668,4.11,4.196,3.278,2.675,3.206,2.445,2.613,3.412,3.272,3.189,3.029,2.944,3.734,2.447,1.595,3.483,3.308,2.77,2.944,4.039,2.624,1.405,1.967,1.899,2.457,2.755,1.744,1.197,1.877,3.062,2.718,1.631,1.275,2.309,2.996,3.099,2.881,2.868,2.84,3.599,4.567,3.154,2.143,2.276,3.212,2.844,3.09,3.979,4.143,4.368,4.063,3.296,4.059,4.178,3.578,3.069,3.419,3.998,4.279,4.008,4.164,4.368,4.169,4.063,3.095,2.556,4.629,4.716,4.358,4.97,6.236,6.654,5.786,4.143,4.551,4.612,3.811,3.974,4.636,4.831,4.16,4.355,4.648,4.668,4.266,2.908,2.257,3.006,3.631,3.366,2.95,3.41,3.71,3.326,2.633,2.943,4.056,4.425,3.384,4.235,4.898,5.206,6.057,4.812,3.825,4.144,2.491,1.998,2.228,1.661,1.175,1.908,3.452,3.479,2.877,2.371,127
3.089,2.974,1.97,3.949,3.837,2.772,2.56,3.47,3.046,2.063,2.42,3.322,3.228,2.56,3.706,3.305,3.833,6.17,3.806,3.426,4.537,4.089,4.328,5.015,5.409,4.493,4.113,4.218,4.352,4.136,4.304,5.053,6.014,5.087,3.904,3.474,3.586,4.72,5.315,4.398,4.25,4.43,4.597,4.547,5.085,5.085,4.286,4.018,3.503,3.34,3.87,3.02,2.121,2.368,4.321,3.234,1.668,1.764,2.782,3.144,3.042,3.184,2.99,2.69,2.691,3.433,2.764,2.436,3.669,4.278,3.949,3.426,3.81,4.003,4.195,4.17,2.959,2.879,3.737,4.507,3.97,3.806,4.538,5.589,4.902,3.658,3.05,3.142,4.135,4.994,4.515,3.585,3.265,3.894,4.947,4.741,4.158,4.349,5.302,4.616,3.661,5.671,5.763,5.037,4.826,5.379,5.914,5.637,4.322,4.566,4.912,4.778,4.778,4.116,4.076,5.301,5.052,4.635,4.188,3.202,2.089,2.246,3.583,2.972,2.785,3.284,3.917,4.071,3.324,2.257,2.499,3.626,4.639,4.799,4.618,5.105,5.534,4.298,4.172,4.477,4.325,3.405,2.598,2.193,2.161,2.039,2.773,3.842,2.813,0.927,0.14,243
2.543,2.516,2.448,3.436,2.356,1.329,2.03,2.297,1.314,0.667,2.294,3.11,3.235,2.72,1.379,0.95,1.88,3.533,3.487,2.342,1.21,1.408,3.614,4.824,4.033,2.799,2.842,2.888,2.122,3.019,3.831,4.078,3.929,3.446,3.493,4.06,3.998,3.301,2.294,1.608,2.508,3.39,3.723,3.653,3.138,2.926,3.002,2.085,1.456,1.668,2.644,3.023,2.181,1.51,3.316,2.069,0.854,1.602,1.517,1.126,1.168,2.089,2.025,2.025,2.243,1.855,1.823,2.062,2.293,2.289,2.452,2.737,2.887,2.911,3.018,2.847,1.183,1.942,3.079,2.147,1.71,3.102,4.999,4.375,3.687,3.192,2.829,2.51,3.337,4.058,3.089,2.861,2.867,3.13,4.471,4.365,3.907,4.282,3.959,3.154,2.959,4.633,5.001,4.237,3.377,4.245,4.482,4.253,4.42,4.339,4.052,3.902,4.466,4.284,3.398,2.649,4.334,5.071,4.169,2.806,2.173,1.939,1.944,2.961,2.768,2.215,2.804,2.789,2.537,2.345,2.296,3.275,3.854,3.241,4.649,5.577,5.673,5.949,5.026,4.388,4.666,3.936,2.916,1.912,1.146,0.814,1.535,2.88,3.123,2.939,2.475,212
2.353,1.982,1.848,3.41,3.552,2.93,2.737,3.503,3.29,2.454,2.286,2.989,2.963,2.099,1.965,2.295,2.391,2.164,3.601,3.257,1.987,2.248,3.443,4.039,3.722,3.611,3.622,3.515,3.265,3.526,4.296,5.437,6.414,4.585,3.975,4.977,2.883,3.895,5.368,4.263,3.041,2.815,3.418,3.831,3.417,3.363,3.815,3.063,1.573,1.185,2.878,2.988,1.805,1.251,3.725,2.646,1.672,2.925,2.469,2.962,3.488,2.647,3.208,3.551,3.01,2.107,0.861,0.737,2.201,2.49,2.856,3.037,2.342,2.273,2.825,3.37,2.624,3.109,3.414,2.099,1.692,3.074,4.719,3.676,3.138,3.049,3.097,3.56,4.233,4.617,4.203,3.01,2.771,3.623,3.766,3.981,4.21,4.346,4.824,3.994,3.312,5.629,6.009,5.139,4.359,4.769,5.138,4.854,4.015,5.372,5.305,3.662,4.301,3.583,2.944,3.85,4.369,4.598,3.878,1.494,0.49,0.996,2.335,3.287,2.962,2.223,2.346,2.629,2.046,0.861,0.778,2.889,4.255,3.073,4.676,5.031,4.054,4.168,3.816,3.378,3.091,2.405,1.114,0.325,1.156,1.166,1.739,2.765,1.949,0.96,0.817,193
1.0677,1.0597,1.0981,1.1431,1.2654,1.2829,1.1415,1.2616,1.1843,1.0575,1.2043,1.3057,1.3271,1.2836,1.2244,1.1883,1.2619,1.4308,1.4175,1.3373,1.2913,1.36,1.5007,1.6153,1.6384,1.5542,1.576,1.5662,1.4358,1.4417,1.4688,1.5251,1.6431,1.6348,1.5927,1.5345,1.3575,1.4296,1.5182,1.384,1.2199,1.2419,1.3729,1.3811,1.368,1.3543,1.3545,1.3883,1.2581,1.1719,1.3148,1.334,1.185,1.0238,1.1132,1.1571,1.1074,1.0112,1.0269,1.0286,1.0218,1.0326,0.9357,0.915,1.0027,1.0618,0.9417,0.9032,1.099,1.1953,1.0974,0.9874,1.1339,1.2512,1.3152,1.3067,1.1765,1.1634,1.2024,1.1862,1.2005,1.2556,1.3329,1.3882,1.3524,1.2606,1.1977,1.3312,1.4057,1.412,1.4258,1.3901,1.3916,1.4673,1.585,1.6061,1.6054,1.6506,1.5998,1.5475,1.5775,1.7339,1.7621,1.6855,1.6081,1.7178,1.7695,1.6972,1.5537,1.6423,1.676,1.5921,1.6039,1.5319,1.5397,1.7054,1.6086,1.5053,1.4089,1.2097,1.1614,1.1629,1.1321,1.1087,1.1602,1.2385,1.2583,1.2041,1.1543,1.1386,1.1271,1.2839,1.4628,1.541,1.7383,1.8616,1.9301,2.063,1.7719,1.4051,1.2367,1.1443,1.0934,1.0003,0.8166,0.7742,0.9145,1.1103,1.0496,0.9791,0.9264,95
2.265,3.228,3.362,3.831,3.837,3.444,2.901,2.426,2.12,2.343,3.346,4.364,4.139,2.94,2.62,2.667,3.32,4.459,4.88,4.558,3.833,3.361,4.198,5.039,5.436,6.062,5.533,4.844,4.695,3.245,4.062,6.051,6.203,5.631,5.369,5.516,5.025,4.614,4.829,5.489,4.208,3.506,3.874,4.461,4.097,3.532,3.436,4.037,3.367,2.76,3.56,3.196,3.008,3.577,4.626,3.387,2.209,2.596,2.919,3.374,3.699,3.681,4.049,3.798,3.157,3.538,2.5,2.451,4.742,5.604,4.798,3.275,2.699,4.151,4.643,3.52,3.881,4.151,4.259,4.324,3.555,3.984,5.364,5.756,5.368,5.215,5.635,5.178,5.333,5.377,4.364,5.443,6.089,5.482,5.215,5.577,6.198,6.638,7.119,5.92,4.775,6.968,6.938,6.138,6.245,7.702,7.926,6.907,5.784,5.923,6.068,6.123,7.347,6.819,5.782,5.745,5.939,6.058,5.462,3.671,3.625,4.133,4.171,4.086,4.041,4.27,4.755,4.121,3.331,2.813,2.248,3.599,5.177,5.495,6.808,7.563,7.342,6.566,5.565,5.111,5.14,3.691,2.826,2.807,3.063,2.413,3.602,6.041,4.698,2.861,2.51,182
1.5814,1.6596,1.7028,1.6339,1.7394,1.7388,1.5269,1.777,1.8556,1.7708,1.7821,1.8508,1.9221,1.9634,1.9699,1.8827,1.8761,2.0275,2.0566,2.0674,2.1035,2.183,2.3028,2.3895,2.4427,2.5431,2.5478,2.4976,2.4607,2.4591,2.5325,2.5679,2.4306,2.3936,2.2931,2.1114,2.0539,2.0965,2.1045,2.0039,1.9987,2.0112,2.0443,2.1327,2.1903,2.1798,2.1283,2.1491,2.0748,1.996,2.0089,1.9346,1.8462,1.805,1.8359,1.6875,1.5319,1.4942,1.4802,1.5495,1.5853,1.4751,1.4592,1.4164,1.3799,1.536,1.5856,1.6302,1.7592,1.8177,1.765,1.7567,1.9775,2.0106,2.0479,2.1194,1.9466,1.9202,2.012,2.0655,1.9006,1.898,2.0326,1.9868,1.9672,1.9052,1.8022,1.9046,1.9682,1.9822,2.025,2.1296,2.2272,2.2903,2.3484,2.4669,2.6032,2.7017,2.7782,2.6608,2.5206,2.6917,2.7216,2.6514,2.6067,2.7594,2.7801,2.6608,2.5316,2.5684,2.5123,2.361,2.4063,2.3054,2.1933,2.2082,2.1559,2.1009,2.0156,1.8382,1.7489,1.6661,1.5905,1.7674,1.7955,1.7641,1.8799,1.9222,1.9039,1.8738,1.9038,1.99,2.2558,2.7225,3.0314,3.1747,3.2012,3.1795,2.868,2.406,1.9786,1.7513,1.6389,1.5504,1.4224,1.4142,1.5035,1.6005,1.5529,1.3863,1.2789,147
0.9,0.8929,0.8855,0.9775,0.9663,0.9031,0.884,0.9843,1.0558,1.0811,1.0978,1.0905,1.0562,1.0473,1.1601,1.1249,1.091,1.1804,1.2346,1.1828,1.0844,1.0622,1.1933,1.3071,1.3253,1.2983,1.3247,1.3795,1.4191,1.4386,1.4329,1.4493,1.5258,1.455,1.3853,1.3665,1.288,1.2568,1.2516,1.2288,1.171,1.1635,1.1521,1.0358,1.0571,1.1307,1.1673,1.1305,1.0267,1.0094,1.162,1.1539,1.0605,1.0263,1.1909,1.0702,0.9049,0.9,0.99,0.9856,0.909,0.8563,0.8231,0.8194,0.8286,0.8105,0.7695,0.7787,0.8809,1.0309,1.0071,0.9212,1.0131,1.0816,1.1222,1.1311,1.0777,1.1327,1.2196,1.2147,1.075,1.1436,1.3266,1.2309,1.1893,1.1638,1.12,1.1492,1.2345,1.295,1.2489,1.1749,1.1685,1.2469,1.3361,1.4073,1.4295,1.4106,1.4842,1.4443,1.3777,1.517,1.4892,1.454,1.5241,1.5974,1.6082,1.5795,1.5662,1.5772,1.5277,1.4358,1.4332,1.4596,1.4581,1.4019,1.3563,1.3154,1.247,1.1154,1.0237,0.9852,0.9949,1.0503,1.0068,0.9635,1.0541,1.0641,0.9944,0.9203,0.9815,1.1514,1.314,1.3975,1.5545,1.6966,1.7877,1.8148,1.592,1.3141,1.1505,1.1206,1.0468,0.9512,0.9178,0.8361,0.9139,1.0998,0.9975,0.8632,0.812,91
1.332,1.3885,1.4696,1.5642,1.5851,1.5146,1.4084,1.4681,1.501,1.4743,1.4342,1.4479,1.4809,1.4955,1.4643,1.4659,1.5749,1.7655,1.7593,1.8377,1.8916,1.7411,1.8754,2.0841,2.2055,2.1986,2.1024,2.0384,2.0672,2.0471,1.988,1.9684,2.0554,1.9662,1.9311,1.9817,1.8542,1.7771,1.7553,1.7451,1.7242,1.7384,1.7862,1.84,1.9284,1.9376,1.8466,1.7936,1.6462,1.5404,1.6088,1.7076,1.5932,1.4227,1.5821,1.3891,1.2011,1.2774,1.4075,1.3827,1.3165,1.3741,1.2673,1.2103,1.2848,1.4085,1.3833,1.3767,1.5151,1.6275,1.5996,1.5449,1.6504,1.6676,1.7042,1.7637,1.6589,1.6087,1.6074,1.597,1.5669,1.5982,1.6686,1.6812,1.6662,1.6175,1.5609,1.5966,1.707,1.7749,1.7058,1.803,1.8986,1.9528,2.1075,2.1726,2.1671,2.1565,2.1897,2.1139,2.0542,2.2612,2.2952,2.2017,2.0951,2.0912,2.0847,2.0632,2.043,2.0143,1.9869,1.953,1.8863,1.8107,1.7894,1.83,1.7381,1.7223,1.72,1.5329,1.424,1.3588,1.3281,1.4637,1.4984,1.4891,1.5668,1.5519,1.509,1.5233,1.6809,1.7738,1.8798,2.0965,2.3813,2.4824,2.4608,2.552,2.3674,1.9212,1.4224,1.3762,1.3043,1.1267,0.9484,1.007,1.0941,1.1173,1.1733,1.1021,1.0009,111
1.1578,1.1693,1.2243,1.3069,1.3132,1.2584,1.2106,1.3128,1.3182,1.2737,1.3349,1.4801,1.4923,1.3914,1.4491,1.4397,1.4628,1.578,1.5841,1.5377,1.5403,1.6727,1.7351,1.7716,1.8046,1.8136,1.8536,1.8842,1.8662,1.8166,1.7714,1.7846,1.8777,1.8128,1.7736,1.7903,1.6614,1.6061,1.5801,1.5326,1.6049,1.6785,1.6599,1.513,1.5173,1.5874,1.6302,1.6108,1.5056,1.4363,1.49,1.4688,1.3425,1.2598,1.4386,1.2814,1.1374,1.2278,1.2495,1.2955,1.2752,1.1145,1.1164,1.1703,1.205,1.209,1.0576,1.0342,1.2803,1.3695,1.3157,1.2722,1.4145,1.427,1.4424,1.4979,1.4357,1.5057,1.5794,1.5018,1.4165,1.4339,1.5545,1.6817,1.65,1.5838,1.5622,1.4494,1.4479,1.5661,1.6993,1.5787,1.5635,1.7223,1.7427,1.7938,1.8703,1.9295,1.9429,1.8516,1.7728,1.9005,1.9714,1.9238,1.837,2.0171,2.0342,1.9321,1.9003,1.9098,1.8637,1.7901,1.8496,1.8209,1.7183,1.6191,1.6171,1.6487,1.575,1.2715,1.2437,1.2914,1.2711,1.3384,1.3114,1.2853,1.3949,1.4103,1.3533,1.2779,1.2569,1.4267,1.6522,1.8192,2.1438,2.2948,2.2584,2.2243,2.0403,1.7624,1.48,1.2796,1.2546,1.2978,1.2328,1.0231,1.049,1.2894,1.1917,1.027,0.98,105
1.4685,1.5654,1.607,1.5659,1.6017,1.5778,1.4373,1.4874,1.5446,1.5816,1.6217,1.5844,1.5412,1.5308,1.5439,1.5922,1.6707,1.756,1.7829,1.8503,1.9252,1.9415,2.0096,2.1295,2.2308,2.1848,2.1556,2.1271,2.0795,2.1001,2.059,2.0278,2.1193,1.9902,1.9523,2.0661,2.0162,1.9872,1.9072,1.7524,1.8287,1.9391,1.9816,1.9317,1.9125,1.9171,1.899,1.7759,1.7145,1.694,1.6554,1.6237,1.601,1.5957,1.6042,1.4119,1.3292,1.4741,1.4428,1.4149,1.379,1.2976,1.3028,1.383,1.4572,1.3943,1.3099,1.35,1.5539,1.6984,1.6789,1.6113,1.6873,1.6908,1.7004,1.7241,1.6328,1.6121,1.6735,1.7437,1.6202,1.6076,1.7257,1.7754,1.7872,1.727,1.6286,1.6828,1.785,1.831,1.7667,1.8478,1.9731,2.0978,2.2683,2.2543,2.1765,2.1943,2.3213,2.2584,2.1441,2.3399,2.3298,2.2392,2.2156,2.2946,2.2819,2.2204,2.2086,2.1153,2.0772,2.095,2.0103,1.8771,1.8649,2.0161,1.8912,1.8594,1.8538,1.5863,1.4754,1.4224,1.4025,1.695,1.7496,1.7046,1.8631,1.9236,1.8369,1.6747,1.625,1.7924,2.05,2.2769,2.6234,2.7428,2.6516,2.5901,2.2809,1.9273,1.6839,1.4663,1.3359,1.2279,1.0755,1.1231,1.2475,1.3319,1.3057,1.2494,1.2098,132
1.4923,1.5329,1.5269,1.5563,1.6709,1.6015,1.3255,1.6519,1.7234,1.5876,1.6268,1.6688,1.6579,1.6161,1.6383,1.6791,1.7703,1.9117,1.9969,2.0088,1.9722,1.9457,2.0264,2.1482,2.2359,2.2248,2.1568,2.0963,2.0941,2.1551,2.2368,2.2954,2.2873,2.1492,2.1064,2.1696,2.0602,2.0292,2.0004,1.8925,1.8475,1.8607,1.909,1.9562,1.9867,1.9989,1.9796,1.8955,1.7497,1.6919,1.8117,1.8334,1.7192,1.61,1.7278,1.6246,1.4524,1.3757,1.41,1.4506,1.4578,1.4261,1.3668,1.4233,1.5539,1.5363,1.4257,1.4336,1.644,1.7469,1.668,1.5625,1.6558,1.6838,1.6959,1.7119,1.6681,1.6452,1.6779,1.7389,1.6054,1.6362,1.801,1.7881,1.7654,1.7311,1.7048,1.8133,1.8754,1.9185,2.0176,2.0006,2.0573,2.2231,2.3289,2.3828,2.4394,2.5183,2.4884,2.3146,2.1926,2.4043,2.4783,2.4106,2.3016,2.3221,2.337,2.2797,2.1502,2.1665,2.1841,2.1305,2.0393,2.0687,2.0983,2.0269,2.0249,2.0251,1.9584,1.7783,1.6757,1.602,1.5645,1.7606,1.8181,1.8286,1.9758,1.94,1.824,1.737,1.7634,1.9238,2.1312,2.3296,2.6904,2.878,2.8676,2.831,2.569,2.1547,1.7306,1.5022,1.3549,1.3142,1.4056,1.3516,1.3381,1.4037,1.3605,1.2748,1.2303,134
2.441,2.476,3.86,3.564,2.811,1.727,0.925,3.101,3.057,1.528,1.548,2.589,3.197,3,2.88,3.048,3.553,4.04,3.178,2.826,3.099,3.475,4.912,5.367,4.604,4.559,4.328,3.998,3.703,3.021,3.772,5.002,4.734,4.29,4.023,4.002,4.046,3.714,3.075,2.498,2.867,3.133,3.138,3.297,4.214,4.1,2.861,3.312,3.04,2.579,2.927,3.643,3.855,3.558,3.344,2.442,1.965,2.471,2.987,3.216,3.213,3.138,2.668,2.323,2.202,1.95,1.503,2.234,4.345,4.369,3.089,2.056,2.872,3.72,4.555,4.912,3.509,2.413,2.433,3.268,1.835,2.37,4.163,3.121,3.645,4.205,3.5,2.453,2.632,3.791,4.703,3.543,2.957,3.612,3.546,3.24,3.594,4.844,4.817,3.747,3.304,5.514,5.778,5.038,4.604,5.034,5.457,5.091,3.798,4.645,4.806,4,4.957,3.959,2.792,3.307,3.525,4.408,4.934,3.32,3.323,3.114,1.925,2.391,3.34,3.646,2.674,2.648,2.54,1.987,1.598,2.165,3.231,4.053,4.113,3.82,3.954,5.251,5.035,4.27,3.804,3.1,2.344,1.548,0.772,0.528,1.967,4.123,3.409,2.502,1.902,206
2.623,3.126,2.666,3.062,2.841,2.182,1.78,2.892,3.413,2.988,2.378,3.961,4.14,2.715,3.349,2.518,2.05,3.216,3.198,3.037,2.96,2.995,3.901,4.755,4.896,4.154,3.795,3.821,3.833,3.025,3.681,5.005,4.932,4.089,3.94,4.531,4.089,3.457,3.389,3.958,3.089,2.942,3.636,4.064,3.672,3.559,3.999,3.766,2.686,2.121,3.041,3.14,3.028,3.126,3.527,2.407,1.842,2.683,2.281,2.021,2.087,2.343,3.325,2.822,1.474,2.628,2.32,1.501,1.556,2.466,2.753,2.688,3.216,2.93,3.486,4.517,2.449,2.611,3.932,3.956,1.958,1.791,3.453,4.027,3.902,3.504,3.134,2.584,3.409,4.516,4.109,3.085,2.856,3.747,4.768,4.043,3.365,4.438,5.928,4.763,2.905,4.949,5.884,5.933,5.669,4.859,5.064,5.215,3.979,4.235,4.76,4.879,4.77,4.304,3.652,3.109,3.1,3.81,4.259,3.066,2.856,2.69,2.17,2.881,3.347,3.736,4.42,3.495,2.243,1.671,2.218,3.337,4.221,4.315,3.956,3.635,3.406,3.075,3.337,3.598,3.448,3.317,2.104,1.003,1.524,0.78,1.486,3.595,3.17,2.173,1.658,218
2.584,2.43,2.438,4.036,3.548,2.576,2.688,2.435,1.859,1.875,3.259,3.471,3.287,3.264,3.416,2.54,2.375,3.881,4.68,4.511,3.733,3.194,4.236,4.768,4.328,4.529,5.481,5.537,3.991,3.609,4.119,4.931,5.319,5.385,5.84,6.341,5.238,5.065,4.883,3.763,3.485,3.742,3.801,3.033,4.166,4.591,3.465,3.454,2.749,2.176,2.805,3.986,3.882,2.988,3.348,3.158,2.926,3.126,3.54,3.925,3.84,3.135,3.389,3.331,2.937,3.448,2.285,1.651,3.011,3.457,2.937,2.56,3.655,3.913,3.881,3.775,2.925,3.918,5.382,5.3,3.5,3.323,4.843,5.585,4.868,4.226,4.473,3.972,4.82,5.76,4.763,3.417,3.613,5.095,5.165,4.705,4.578,5.221,5.715,5.25,4.801,6.166,6.791,6.305,5.441,6.5,7.171,6.738,5.451,5.346,5.077,4.685,5.841,5.61,4.699,4.297,4.316,4.684,4.535,2.903,3.195,3.251,2.334,3.998,3.804,2.879,3.606,3.261,2.962,3.102,3.034,4.04,5.084,5.23,5.803,5.765,5.261,5.144,4.537,4.152,4.236,3.677,2.443,1.39,1.523,2.044,3.145,4.056,2.755,2.675,3.388,216
1.1226,1.1343,1.1963,1.3806,1.2865,1.1438,1.1843,1.3067,1.3747,1.341,1.2473,1.3605,1.3819,1.2919,1.3929,1.4248,1.3942,1.3715,1.4581,1.485,1.4643,1.4858,1.5671,1.6677,1.7465,1.7718,1.7524,1.7347,1.7349,1.6451,1.705,1.8619,1.9216,1.812,1.7537,1.7639,1.5809,1.5203,1.5442,1.5447,1.4761,1.4141,1.4157,1.4981,1.462,1.4269,1.477,1.5964,1.4416,1.2623,1.3328,1.3031,1.2748,1.2966,1.358,1.2724,1.2138,1.2461,1.0985,1.0979,1.1655,1.1178,1.0348,0.971,1.0002,1.1918,1.059,0.9266,1.0736,1.2261,1.2851,1.2886,1.3434,1.418,1.5457,1.6222,1.3426,1.4136,1.607,1.5605,1.4553,1.4764,1.5694,1.5163,1.5073,1.4488,1.3299,1.4105,1.4911,1.5207,1.5051,1.4274,1.4532,1.5848,1.6275,1.6501,1.697,1.777,1.7938,1.7812,1.8295,2.0288,2.0924,1.9702,1.7819,1.9081,1.9827,1.9451,1.8668,1.9054,1.908,1.8552,1.8871,1.8314,1.7214,1.6413,1.6905,1.7023,1.5882,1.3466,1.2783,1.2845,1.2739,1.2788,1.2987,1.3,1.2592,1.2823,1.2674,1.2212,1.2824,1.4747,1.7138,1.9292,2.2216,2.3325,2.2926,2.3019,2.0702,1.7522,1.4955,1.2996,1.1824,1.1291,1.114,1.1577,1.1944,1.1844,1.1278,1.1046,1.0871,99
1.4921,1.4629,1.5035,1.6704,1.6665,1.5742,1.5324,1.6149,1.6242,1.5706,1.5596,1.6593,1.7004,1.6236,1.5134,1.5611,1.7534,1.9636,1.8957,1.8696,1.9131,1.9558,2.194,2.3162,2.2498,2.2254,2.2627,2.2867,2.2322,2.121,2.0653,2.099,2.1843,2.1272,2.0453,1.9987,1.9401,1.8998,1.9059,1.9459,1.8797,1.8669,1.8855,1.8302,1.8514,1.9157,1.951,1.8599,1.7329,1.6867,1.775,1.8107,1.7334,1.6515,1.757,1.6826,1.5455,1.4644,1.4151,1.4183,1.3892,1.2733,1.3822,1.4128,1.3267,1.368,1.3562,1.3869,1.5328,1.6899,1.6992,1.6307,1.6567,1.7205,1.8125,1.8539,1.6635,1.6389,1.7321,1.7623,1.5373,1.5345,1.761,1.8624,1.8259,1.7372,1.6873,1.742,1.7615,1.7946,1.9232,1.9545,2.0185,2.1424,2.2121,2.2906,2.3196,2.2766,2.357,2.266,2.1542,2.3958,2.4917,2.4137,2.2729,2.3217,2.3338,2.2575,2.1361,2.1645,2.2024,2.1774,2.1155,2.0653,2.0079,1.923,1.8237,1.8667,1.8936,1.6069,1.4526,1.4056,1.4315,1.6329,1.5546,1.4479,1.6787,1.6638,1.6369,1.6827,1.6696,1.8003,2.0139,2.2291,2.5454,2.6885,2.6732,2.6839,2.4084,2.0244,1.7115,1.5123,1.3539,1.2687,1.2966,1.2599,1.337,1.4561,1.2049,1.0397,1.0737,133
1.5435,1.508,1.4834,1.719,1.72,1.5716,1.486,1.6972,1.7256,1.6357,1.6833,1.6913,1.6862,1.6737,1.6284,1.6624,1.7603,1.8549,1.7997,1.9141,2.0688,2.0224,2.1915,2.304,2.267,2.2406,2.229,2.2465,2.2722,2.1837,2.1768,2.2466,2.2827,2.1942,2.1148,2.0956,2.0591,1.965,1.877,1.8456,1.7868,1.7776,1.8328,1.9166,1.9099,1.9326,1.9925,1.8897,1.742,1.696,1.8162,1.852,1.728,1.5789,1.6498,1.5533,1.4227,1.3862,1.4149,1.4505,1.4476,1.3889,1.3525,1.3123,1.279,1.302,1.3515,1.4424,1.5645,1.6233,1.6297,1.664,1.7995,1.767,1.7655,1.8348,1.7302,1.7508,1.7914,1.7077,1.6272,1.7035,1.8557,1.8415,1.7719,1.708,1.6812,1.6724,1.7204,1.7785,1.7898,1.8523,1.9522,2.0447,2.0622,2.132,2.259,2.3799,2.3136,2.2335,2.2575,2.4282,2.4571,2.3392,2.1938,2.2991,2.3909,2.3596,2.2103,2.2418,2.253,2.1983,2.2264,2.0882,1.932,1.9094,1.8977,1.8845,1.7952,1.5558,1.4576,1.4892,1.5756,1.613,1.5763,1.5486,1.6153,1.6142,1.5923,1.5804,1.5791,1.7577,2.0202,2.2603,2.5953,2.7573,2.7623,2.7905,2.5118,2.1214,1.8097,1.6017,1.4933,1.425,1.3251,1.2009,1.2178,1.3412,1.2773,1.1928,1.1564,141
1.1566,1.2012,1.1843,1.2412,1.2908,1.1994,1.0159,1.3124,1.3997,1.2538,1.1537,1.2792,1.3451,1.2683,1.2186,1.2251,1.3156,1.4595,1.4999,1.4732,1.4613,1.5447,1.6353,1.6993,1.725,1.7222,1.7192,1.7024,1.6777,1.7344,1.79,1.8449,1.91,1.7767,1.648,1.6098,1.5571,1.5607,1.5687,1.529,1.4765,1.4191,1.4303,1.5747,1.5302,1.4628,1.4882,1.5693,1.3631,1.1839,1.345,1.3893,1.3188,1.2661,1.4114,1.3374,1.1998,1.1473,1.1502,1.1107,1.0684,1.0939,1.1363,1.1092,1.0568,1.14,1.101,1.055,1.1259,1.2769,1.3158,1.2944,1.3679,1.434,1.4899,1.5104,1.4252,1.4507,1.5267,1.5299,1.3993,1.4228,1.5791,1.6156,1.5579,1.4976,1.4844,1.4449,1.4805,1.5662,1.6126,1.453,1.4912,1.7346,1.701,1.6956,1.7658,1.8665,1.8565,1.7571,1.7271,1.954,1.9462,1.8957,1.9432,1.9538,1.9626,1.9292,1.8371,1.9333,1.9602,1.8565,1.8036,1.8083,1.823,1.7986,1.7315,1.7193,1.6158,1.2083,1.2649,1.3334,1.1843,1.335,1.3217,1.233,1.2985,1.3772,1.3189,1.1989,1.3349,1.5081,1.6873,1.8892,2.1599,2.3731,2.4694,2.4285,2.0656,1.7005,1.5296,1.3475,1.2943,1.2707,1.1381,1.1152,1.2231,1.3461,1.2215,1.0709,1.0123,104
3.23,3.026,3.231,3.413,3.502,3.122,2.59,4.406,4.12,2.625,2.755,3.528,3.396,2.727,3.808,3.184,2.982,4.5,3.953,3.873,3.911,3.033,3.947,5.112,5.761,6.291,4.146,3.182,5.403,3.821,3.985,5.248,4.556,4.214,4.719,5.401,4.388,3.669,3.342,3.143,3.128,3.82,4.597,4.323,3.39,3.591,4.875,4.256,3.023,2.771,4.048,2.903,2.389,3.321,4.52,3.198,2.134,2.908,3.168,3.025,2.941,3.269,2.627,2.372,2.818,3.074,1.649,1.155,3.041,3.655,3.046,2.187,2.434,3.341,4.311,4.491,2.663,3.011,4.266,4.202,3.164,3.261,4.039,3.363,4.399,4.631,2.995,3.363,3.238,3.278,4.67,4.629,3.565,2.896,4.829,6.037,5.573,4.013,4.844,4.038,2.928,5.591,6.063,5.336,4.88,5.276,5.415,4.864,3.803,4.11,4.692,4.862,4.601,4.498,4.431,4.283,4.636,4.191,3.202,2.842,2.765,2.594,2.254,2.237,2.534,3.191,3.992,3.424,2.427,1.928,2.611,3.284,4.081,5.131,5.58,4.925,3.945,4.119,4.048,4.576,5.586,4.266,2.736,1.752,1.49,1.659,2.502,3.439,2.845,2.091,1.674,267
1.5486,1.6023,1.6021,1.5983,1.6752,1.6629,1.5252,1.7202,1.8265,1.772,1.677,1.8353,1.8686,1.7214,1.7226,1.773,1.8245,1.8651,1.972,2.0005,1.9679,1.9785,2.1796,2.3112,2.3229,2.4225,2.3754,2.2768,2.2431,2.2522,2.289,2.3205,2.3062,2.2084,2.1461,2.1152,1.9475,2.0024,2.0564,1.9181,1.9606,1.9682,1.9733,2.1057,2.0381,1.9887,2.0427,1.9983,1.8379,1.7083,1.7511,1.9089,1.8692,1.7062,1.7473,1.6502,1.4795,1.3591,1.4178,1.498,1.4977,1.3837,1.3475,1.366,1.4135,1.4696,1.4039,1.4361,1.674,1.7602,1.7173,1.6705,1.7697,1.8474,1.9118,1.943,1.8569,1.8986,1.9858,1.9676,1.792,1.75,1.8267,1.7872,1.7938,1.777,1.7052,1.6863,1.8071,1.9564,1.9746,1.9527,2.0093,2.1551,2.2746,2.3258,2.3445,2.3776,2.454,2.321,2.1779,2.4412,2.5189,2.4687,2.4121,2.4138,2.4989,2.4735,2.1897,2.1902,2.2484,2.2577,2.286,2.0928,1.9389,2.02,1.9708,1.9226,1.8372,1.6069,1.5096,1.472,1.454,1.5817,1.6668,1.6963,1.7226,1.7747,1.7467,1.6615,1.6913,1.8371,2.0643,2.3317,2.6546,2.8128,2.8302,2.8686,2.598,2.2091,1.875,1.5616,1.4391,1.4173,1.3295,1.2665,1.3221,1.4337,1.3462,1.2407,1.2068,142
1.4787,1.5232,1.6178,1.5605,1.5184,1.5489,1.6397,1.6751,1.6237,1.559,1.5887,1.6993,1.7501,1.7074,1.6625,1.6371,1.6691,1.7746,1.9381,1.9665,1.8867,1.8398,1.9523,2.0979,2.1659,2.0972,2.1062,2.1224,2.0777,2.0856,2.1243,2.1776,2.2231,2.2069,2.1505,2.0722,1.9761,2.0153,1.9973,1.7994,1.7753,1.841,1.9179,1.9377,1.949,1.8963,1.7996,1.8074,1.7659,1.7281,1.7639,1.7878,1.7284,1.6365,1.6327,1.5089,1.4508,1.5208,1.4261,1.3731,1.3637,1.3428,1.3413,1.3427,1.3387,1.3296,1.2468,1.2766,1.495,1.5719,1.5455,1.5257,1.6291,1.6521,1.6993,1.7569,1.6046,1.6571,1.7849,1.7773,1.7169,1.7975,1.9343,1.8564,1.7807,1.7648,1.7807,1.6471,1.7354,1.8827,1.7863,1.6586,1.7309,1.9513,1.9496,1.9369,1.9846,2.1025,2.2317,2.1639,2.0483,2.215,2.2596,2.2452,2.2615,2.3364,2.3362,2.2536,2.1487,2.1435,2.1723,2.1716,2.0969,2.027,1.9374,1.8303,1.8682,1.9404,1.914,1.6772,1.4431,1.3701,1.452,1.3917,1.4356,1.5238,1.5215,1.5239,1.5059,1.4771,1.4925,1.6399,1.8679,2.1125,2.4245,2.5701,2.5632,2.5665,2.3527,1.9544,1.5298,1.4208,1.4251,1.3942,1.2424,1.1815,1.2498,1.3795,1.3926,1.2547,1.1477,132
1.5245,1.5299,1.4653,1.549,1.6092,1.5801,1.5094,1.7004,1.7095,1.6245,1.7126,1.8053,1.796,1.6942,1.6303,1.7037,1.8081,1.8573,1.9545,1.8758,1.7894,1.9558,2.0423,2.0612,2.0798,2.1896,2.199,2.1989,2.2616,2.2289,2.2568,2.3269,2.3348,2.2152,2.094,2.0357,2.005,1.9983,1.9727,1.9056,1.8548,1.8575,1.8901,1.8908,1.8119,1.8197,1.9411,1.9653,1.8554,1.7995,1.9269,1.8769,1.7239,1.6253,1.7445,1.6239,1.4472,1.4064,1.5361,1.5577,1.5204,1.5535,1.5171,1.4358,1.3672,1.3848,1.3276,1.3888,1.6365,1.6263,1.5618,1.5609,1.6765,1.7629,1.8107,1.809,1.7219,1.7373,1.8188,1.8758,1.8817,1.9094,1.9692,2.0122,1.9026,1.7765,1.7418,1.7531,1.8593,1.9514,1.9116,1.9609,2.0036,2.0086,2.0443,2.1425,2.2451,2.2956,2.3235,2.2852,2.2712,2.4223,2.4605,2.4239,2.3967,2.4763,2.4388,2.3552,2.3751,2.4467,2.4431,2.3734,2.3919,2.2902,2.1597,2.1007,2.0147,2.0153,2.0066,1.7927,1.5702,1.4893,1.576,1.6509,1.7057,1.7074,1.6469,1.6406,1.622,1.616,1.7569,1.8779,2.0349,2.3036,2.6814,2.8785,2.8911,2.8918,2.6441,2.247,1.8634,1.7,1.5225,1.386,1.4152,1.4287,1.4816,1.5334,1.4047,1.3182,1.2686,138
2.31,2.301,3.631,4.77,4.827,3.733,2.427,3.972,4.482,3.826,3.543,4.511,4.429,3.33,3.856,4.454,4.938,5.321,5.449,5.627,5.1,3.409,4.663,6.873,8.043,6.874,6.237,5.584,4.571,5.639,6.484,6.632,6.552,6.559,6.503,6.294,5.984,6.334,6.603,5.979,4.451,4.036,4.699,5.123,4.551,4.16,4.523,4.998,3.945,3.731,6.024,5.117,4.133,4.607,6.353,5.007,3.605,4.043,3.771,3.899,4.256,4.381,4.671,4.316,3.586,3.775,3.144,2.548,2.976,4.635,4.852,4.047,4.034,3.915,4.219,4.835,4.614,4.701,4.855,4.686,4.679,5.14,5.952,6.608,5.948,5.369,5.649,5.325,5.923,6.757,6.477,5.182,4.816,5.556,5.43,6.19,6.614,5.806,6.266,5.687,5.102,7.13,6.938,6.451,7.136,7.974,7.6,6.709,6.556,6.579,6.97,7.232,6.153,5.278,5.238,5.964,6.032,6.03,5.757,4.674,3.826,3.63,3.874,3.286,3.453,4.26,4.878,4.362,3.221,2.512,3.73,5.786,6.76,5.96,7.327,7.779,7.109,6.964,6.301,5.656,5.37,5.03,4.076,3.164,3.203,3.097,4.107,5.576,4.302,2.308,1.283,183
1.3528,1.3487,1.3909,1.5122,1.5062,1.4386,1.4302,1.6101,1.6356,1.5524,1.5624,1.6557,1.7267,1.7315,1.7034,1.681,1.6931,1.7466,1.8117,1.848,1.8595,1.8749,1.91,2.0386,2.1807,2.0998,2.1078,2.1486,2.1429,2.1696,2.23,2.2957,2.3162,2.2101,2.1325,2.118,2.0278,1.9298,1.8665,1.8401,1.7314,1.7244,1.8196,1.8986,1.8427,1.7773,1.7905,1.8754,1.8,1.7068,1.754,1.7042,1.6638,1.6601,1.6523,1.5707,1.5075,1.4983,1.4091,1.4596,1.4963,1.3368,1.3776,1.4301,1.4033,1.3357,1.2628,1.287,1.4431,1.5801,1.6473,1.6265,1.5513,1.6205,1.777,1.8739,1.6756,1.728,1.8656,1.8226,1.7437,1.8055,1.9431,1.9239,1.8846,1.8184,1.7304,1.6788,1.8016,1.9731,2.0017,2.0225,2.0455,2.0642,2.0622,2.1008,2.1047,2.0503,2.2015,2.2686,2.2544,2.3325,2.3178,2.295,2.3457,2.4946,2.5371,2.4651,2.363,2.3554,2.3153,2.2417,2.2808,2.2853,2.2311,2.1405,2.0821,2.0417,1.9301,1.6517,1.5367,1.5076,1.5122,1.6721,1.7177,1.6909,1.7223,1.7317,1.6709,1.5966,1.6761,1.8567,2.0924,2.3555,2.7156,2.8913,2.8869,2.8795,2.6035,2.1889,1.8249,1.7228,1.5723,1.4577,1.5413,1.4285,1.4224,1.5787,1.5836,1.4644,1.3661,114
2.981,2.513,2.444,3.081,2.535,1.885,2.098,2.215,2.425,2.385,1.903,3.051,3.439,2.524,2.038,1.673,1.673,2.207,3.283,2.889,2.124,2.986,3.4,3.954,4.578,4.315,3.432,3.076,3.715,3.492,3.355,3.513,3.759,3.49,3.489,3.816,3.508,2.843,2.708,3.383,2.787,2.417,2.657,3.132,3.097,2.758,2.383,2.128,2.495,2.835,2.545,2.614,2.081,1.797,3.525,2.973,1.552,1.051,2.443,2.97,2.681,2.492,1.758,1.819,2.493,2.08,1.152,1.256,2.855,3.191,2.587,1.783,1.71,2.259,3.06,3.487,2.604,1.937,2.127,2.934,1.728,2.137,3.887,3.858,3.347,2.997,3.008,2.765,3.019,3.326,2.978,2.593,2.889,3.552,3.119,3.003,3.681,4.866,4.727,3.401,2.639,4.67,5.236,4.425,3.464,4.612,5.552,5.039,3.132,4.655,5.144,3.844,4.497,4.588,4.313,4.243,4.313,3.904,3.177,2.747,2.207,1.863,1.999,2.77,3.161,3.097,2.849,2.373,1.849,1.618,2.157,2.732,3.177,3.522,3.96,4.235,4.264,4.05,2.974,2.962,4.259,2.818,2.052,1.719,0.575,0.196,0.648,1.565,2.209,1.704,1.056,232
2.431,2.377,2.311,3.546,2.922,1.46,0.908,2.766,3.278,2.6,2.531,3.204,3.557,3.378,3.445,3.496,3.531,3.585,3.689,3.613,3.368,3.179,3.767,4.598,5.107,4.837,3.738,3.423,4.538,4.159,4.161,4.502,4.321,3.705,3.648,3.99,3.098,3.459,4.106,3.778,2.837,3.22,4.158,3.622,3.585,4.205,4.657,2.936,2.069,2.187,2.631,3.47,2.816,2.044,4.283,2.854,1.233,1.953,2.88,3.036,2.441,1.798,2.635,3.244,3.019,2.626,1.965,1.694,2.348,4.129,3.885,2.649,3.219,4.106,4.691,4.484,3.059,2.698,3.497,4.409,2.556,2.616,4.223,3.456,3.809,4.147,3.51,2.601,2.881,3.885,4.393,4.106,4.307,4.908,4.167,4.758,5.685,5.568,4.809,3.05,2.41,5.72,5.932,5.123,5.376,6.531,6.27,4.914,3.917,4.758,5.379,5.012,4.533,3.939,3.442,3.36,4.386,5.114,4.495,2.131,1.102,1.391,2.484,4.098,2.89,1.182,2.373,2.964,2.664,2.093,2.642,3.312,3.702,3.766,4.181,4.24,4.031,4.136,4.216,4.458,4.432,2.061,0.541,0.739,2.101,1.718,1.985,3.354,3.372,1.797,0.864,200
1.4987,1.5505,1.61,1.5832,1.6476,1.5763,1.3205,1.5131,1.6495,1.6329,1.572,1.6906,1.6668,1.5214,1.6554,1.6511,1.6455,1.7696,1.8594,1.8913,1.8971,1.9369,2.0338,2.1543,2.2412,2.2225,2.1766,2.0941,1.9943,2.0306,2.0477,2.0501,2.0934,2.0066,1.9728,1.998,1.8378,1.8116,1.8692,1.8925,1.8426,1.8646,1.9244,1.903,1.9362,1.912,1.8052,1.7584,1.7362,1.6755,1.5596,1.5866,1.6286,1.6374,1.621,1.4373,1.2932,1.3041,1.3106,1.3737,1.4016,1.3078,1.2952,1.3151,1.3352,1.352,1.2837,1.357,1.6486,1.7034,1.5492,1.441,1.6585,1.6586,1.6594,1.734,1.6522,1.6073,1.6036,1.5924,1.5198,1.5462,1.6342,1.6133,1.6838,1.7111,1.6151,1.5186,1.5576,1.717,1.8907,1.9078,1.8917,1.9362,2.0702,2.0856,2.0982,2.2103,2.2172,2.1516,2.1294,2.2803,2.2767,2.2034,2.1625,2.1829,2.187,2.1091,1.9483,2.006,2.0683,2.0291,1.9345,1.8619,1.7927,1.7183,1.7464,1.7761,1.6961,1.4373,1.3851,1.4586,1.5454,1.6094,1.5689,1.5651,1.7383,1.7489,1.6044,1.4525,1.5616,1.7284,1.9122,2.1217,2.4335,2.5619,2.5453,2.6087,2.4032,1.9848,1.525,1.2995,1.2623,1.3057,1.2947,1.1866,1.1566,1.2127,1.1349,1.0496,1.0158,134
0.563,0.768,1.611,1.625,0.879,0.357,0.681,1.169,0.418,0.116,1.455,1.283,1.134,1.607,1.635,0.521,0.142,0.561,0.632,0.664,0.879,1.245,0.805,1.345,2.647,2.173,1.758,1.352,0.729,0.126,0.491,1.769,3.086,1.938,1.455,2.528,2.665,1.375,0.736,1.841,0.406,0.653,2.046,1.589,0.697,0.542,1.094,0.568,0.121,0.065,1.321,0.412,0.277,1.452,2.4,0.398,1.528,1.167,0.59,1.373,1.222,1.062,0.796,1.065,1.504,0.82,0.361,0.519,1.139,1.232,1.046,0.607,0.027,0.619,1.574,1.869,0.468,1.008,1.946,1.132,0.171,0.059,0.884,0.423,1.318,1.28,0.499,0.095,0.527,0.913,1.055,0.505,0.197,0.131,1.887,1.769,0.616,0.194,0.041,0.223,0.12,0.639,1.241,1.075,0.523,1.875,2.098,1.539,1.49,1.155,0.773,0.604,0.869,1.389,1.76,1.72,1.525,1.606,1.352,0.156,0.207,0.809,0.497,0.209,0.36,0.103,1.672,0.787,0.791,1.454,0.493,0.376,0.372,0.337,0.654,1.11,0.942,1.382,0.957,0.467,0.431,0.122,0.185,0.431,0.647,1.092,0.713,0.556,1.474,0.183,0.84,74
3.069,3.409,2.92,3.364,3.247,2.643,2.223,3.435,4.395,4.176,2.867,3.625,4.102,3.373,2.508,3.077,4.634,5.815,3.86,3.524,4.441,4.335,4.572,5.188,5.692,5.187,5.575,5.569,4.482,5.243,5.401,5.548,7.044,5.82,4.803,5.157,5.103,4.884,4.711,4.659,4.204,4.406,5.362,6.333,4.801,3.888,4.57,3.66,3.627,3.728,3.044,3.608,3.87,3.833,4.497,3.686,2.889,3.135,3.527,4.093,4.321,3.815,3.561,3.18,3.122,4.515,2.835,1.757,3.835,4.332,3.837,3.51,4.513,4.745,4.766,4.685,3.599,3.623,4.545,5.281,4.104,3.791,4.819,5.788,5.828,5.71,5.814,4.906,5.362,6.291,5.857,4.938,4.579,5.157,6.236,6.025,5.195,4.989,6.578,6.318,4.831,5.321,6.606,6.832,5.831,6.836,7.267,6.726,5.825,6.195,6.267,5.856,6.428,6.488,6.213,6.165,6.999,6.885,5.623,4.201,4.026,4.263,4.25,4.298,3.771,3.466,4.295,4.836,4.451,3.657,4.146,5.081,5.472,5.225,7.368,9.446,9.78,7.652,6.371,5.732,4.973,3.17,2.687,3.031,2.908,3.997,4.753,4.621,4.564,4.913,4.838,237
1.763,2.671,3.967,3.6,3.28,2.82,2.126,2.324,2.907,3.417,3.503,3.5,3.303,3.145,3.562,2.476,2.182,3.904,3.921,3.619,3.392,3.361,4.298,5.068,5.198,5.121,4.687,4.105,3.496,2.333,2.929,4.511,4.953,4.579,3.781,3.258,3.988,3.509,3.183,3.984,2.47,2.233,3.054,2.788,3.373,3.854,3.811,4.114,2.806,1.972,3.264,2.039,0.764,1.161,3.732,2.758,1.763,2.728,1.784,1.406,1.912,2.782,3.335,3.014,2.294,2.549,1.991,2.127,3.836,4.824,4.188,3.029,3.177,2.941,2.767,2.857,2.816,2.598,2.868,3.775,2.665,2.526,3.42,3.264,3.396,3.482,3.236,2.886,3.299,3.813,3.535,4.305,4.788,4.395,3.65,2.907,3.208,4.757,4.871,3.767,3.084,4.916,5.747,5.542,4.974,5.088,5.499,5.139,3.362,3.159,3.576,3.977,4.321,3.818,3.418,3.877,4.058,4.477,4.713,3.894,2.713,2.182,2.525,2.476,2.318,2.356,2.717,2.273,1.781,1.903,3.032,4.742,5.074,3.346,4.082,4.476,4.159,4.331,4.259,3.542,2.328,1.798,1.195,0.915,1.489,1.486,1.846,2.511,1.974,1.321,1.079,162
1.1427,1.1833,1.3125,1.3186,1.3325,1.3128,1.2537,1.3383,1.3169,1.2495,1.3063,1.4468,1.4937,1.4226,1.3817,1.441,1.5605,1.6664,1.6781,1.5866,1.5064,1.5834,1.778,1.933,1.9889,2.0062,1.9475,1.8853,1.8793,1.8965,1.9261,1.9752,2.0298,1.8451,1.7891,1.9037,1.771,1.7476,1.7347,1.6182,1.58,1.5344,1.4955,1.5303,1.6523,1.7131,1.6636,1.628,1.5291,1.4976,1.6094,1.515,1.4059,1.4072,1.5486,1.4495,1.3786,1.4533,1.2884,1.2841,1.3322,1.2194,1.1823,1.1545,1.1427,1.2293,1.2,1.1722,1.2486,1.3147,1.3521,1.3788,1.4311,1.4994,1.5598,1.5646,1.4321,1.4988,1.6073,1.5561,1.5249,1.6183,1.7659,1.7752,1.6901,1.639,1.6648,1.5906,1.6185,1.7049,1.7285,1.7239,1.7427,1.804,1.8863,1.8895,1.8854,1.9427,1.9881,1.9082,1.8403,2.0334,2.0836,2.0659,2.0835,2.1739,2.22,2.176,2.0655,2.1124,2.1332,2.0513,1.9359,1.9112,1.9157,1.8833,1.891,1.8653,1.7524,1.5357,1.4103,1.3674,1.3891,1.5193,1.489,1.386,1.4013,1.4804,1.5078,1.4491,1.3681,1.4217,1.6484,2.0081,2.3672,2.5533,2.5725,2.5349,2.1809,1.7376,1.4332,1.3709,1.3651,1.3063,1.1624,1.1646,1.2401,1.3087,1.3125,1.2155,1.1052,102
1.3782,1.453,1.5651,1.5819,1.4999,1.3987,1.3676,1.4844,1.5599,1.5468,1.4949,1.6071,1.6404,1.5729,1.6377,1.5703,1.5853,1.7796,1.6962,1.6802,1.7677,1.8634,1.9457,2.0528,2.163,2.185,2.1107,2.0272,2.0052,2.0059,2.1077,2.2087,2.1496,2.0294,1.9244,1.878,1.8913,1.7917,1.6751,1.6537,1.6679,1.7355,1.8093,1.8151,1.7817,1.7881,1.8381,1.8179,1.7296,1.687,1.7608,1.728,1.6746,1.6373,1.6028,1.445,1.3189,1.3299,1.4219,1.42,1.3514,1.3046,1.2203,1.2155,1.3187,1.4527,1.3281,1.3136,1.6076,1.6104,1.4933,1.4462,1.6139,1.6278,1.6346,1.6736,1.5632,1.611,1.7582,1.8375,1.6786,1.6206,1.7121,1.7707,1.7599,1.6752,1.5726,1.6202,1.6816,1.6912,1.6459,1.7469,1.8143,1.8209,1.9411,1.9921,2.0604,2.2157,2.2847,2.147,2.0189,2.2597,2.2499,2.1997,2.2692,2.3178,2.2953,2.2248,2.1626,2.1395,2.1529,2.1636,2.0997,2.0595,1.9768,1.8437,1.9729,1.9629,1.7506,1.5042,1.348,1.338,1.4391,1.4858,1.4428,1.4371,1.591,1.6322,1.5618,1.443,1.388,1.6037,1.9058,2.1182,2.4696,2.5564,2.4801,2.6254,2.41,2.025,1.684,1.401,1.262,1.2786,1.3887,1.3338,1.329,1.388,1.2298,1.1068,1.0682,119
2.579,2.598,2.842,3.854,3.301,2.739,3.488,4.314,3.755,2.768,3.091,3.832,3.69,2.916,3.33,3.093,2.999,3.566,3.164,3.425,3.763,3.158,4.355,5.032,4.561,4.57,4.699,4.467,3.861,4.284,4.631,4.929,5.526,4.976,4.898,5.287,3.875,4.394,4.885,3.499,3.063,3.638,4.402,4.19,4.122,3.963,3.517,2.863,1.899,1.65,2.814,3.89,3.37,2.538,4.246,3.856,2.728,2.444,3.324,3.921,3.715,2.833,2.568,2.451,2.327,2.418,1.959,1.953,2.985,3.784,3.039,2.095,3.16,3.662,3.942,3.97,2.791,3.038,4.014,4.226,2.897,2.391,3.288,4.607,4.727,4.061,3.457,3.98,4.376,4.254,3.727,3.696,3.906,4.116,4.208,4.459,4.732,4.828,4.702,4.105,4.193,6.454,5.932,4.765,4.765,5.302,6.089,5.912,4.167,5.113,5.749,5.36,6.091,5.148,3.993,4.258,5.238,5.039,3.724,2.685,2.752,2.632,2.084,3.594,3.629,2.919,3.319,3.747,2.52,0.732,2.473,4.157,4.528,3.723,4.465,5.019,5.044,5.086,4.327,3.917,4.22,3.416,2.342,1.789,2.157,1.101,1.369,3.239,3.486,2.891,2.18,213
1.778,2.329,3.407,3.664,4.208,4.053,3.032,4.341,4.033,2.855,3.209,4.179,3.883,2.912,4.327,4.292,3.831,4.229,4.922,5.017,4.703,4.605,4.364,5.339,6.755,5.543,5.058,5.095,4.868,3.956,4.656,6.363,7.109,6.699,5.719,4.745,4.2,4.156,4.368,4.395,3.318,3.583,4.604,4.307,4.392,4.345,3.977,3.956,2.854,2.497,4.296,4.55,3.868,3.141,3.313,3.872,3.792,2.92,2.858,3.873,4.709,3.969,2.692,2.528,3.666,4.735,3.157,2.187,3.996,4.916,4.082,3.014,4,4.391,4.813,5.081,3.43,3.338,4.453,5.168,3.351,3.571,5.652,5.914,5.858,5.233,4.238,4.582,4.467,4.348,5.096,4.569,4.44,5.006,4.717,5.36,6.056,5.914,6.274,5.159,4.14,6.437,7.066,6.308,5.49,6.589,7.231,6.753,5.54,5.893,6.444,6.449,6.107,6.051,6.332,6.682,6.316,6.256,5.767,3.457,3.055,2.883,2.317,4.308,4.657,3.945,4.098,3.915,3.833,3.699,2.67,4.504,6.191,5.074,5.095,5.246,5.491,6.237,5.481,4.911,5.33,4.603,3.838,2.758,1.085,1.568,2.897,3.792,3.445,2.793,2.388,162
4.432,4.4449,4.509,4.5805,4.7144,4.5925,4.1949,4.4738,4.5687,4.5382,4.7421,4.8016,4.8682,4.9734,4.9894,5.0053,5.1109,5.3104,5.4047,5.4268,5.4744,5.6574,5.9379,6.1844,6.2521,6.0115,5.9086,6.0291,6.2329,5.9715,6.0835,6.3954,6.3117,6.0209,5.9928,6.2058,6.014,5.9089,5.7493,5.4751,5.7958,5.7903,5.4861,5.4326,5.4814,5.5596,5.5582,5.3076,5.129,5.1558,5.3199,5.0065,5.0435,5.3038,5.0071,4.7094,4.61,4.7278,4.8696,4.7009,4.4503,4.4631,4.4589,4.4824,4.4866,4.3385,4.3997,4.5605,4.6562,4.6265,4.7241,4.8528,4.804,4.9569,5.1118,5.1306,5.0354,5.0625,5.1572,5.1917,5.0768,5.2773,5.6276,5.5444,5.6562,5.7403,5.6578,5.712,5.8709,6.0956,6.3052,6.2721,6.3467,6.5437,6.4557,6.5468,6.6877,6.6925,6.6783,6.5148,6.398,6.6595,6.7263,6.6947,6.7166,6.8886,6.8921,6.7895,6.7516,6.6694,6.7569,6.9286,6.7747,6.7174,6.6371,6.4329,6.4627,6.431,6.2019,5.7899,5.5947,5.5326,5.5021,5.5083,5.5093,5.5119,5.5708,5.9306,5.9824,5.6597,5.5523,5.7621,6.2668,6.9188,7.3893,7.6238,7.7368,7.8857,7.2738,6.3631,5.62,5.1369,4.8038,4.6872,4.8293,4.7277,4.7181,4.826,4.6137,4.4019,4.4059,304
3.2364,3.1717,3.3147,3.4849,3.3588,3.2022,3.2691,3.4814,3.442,3.3374,3.536,3.7784,3.8736,3.8267,3.842,3.859,3.9142,4.0248,4.1212,4.2385,4.3119,4.2824,4.3785,4.6003,4.8055,4.7338,4.6903,4.6897,4.7243,4.9315,4.9992,4.9467,4.94,4.9044,4.8211,4.7397,4.7851,4.7288,4.6177,4.5507,4.5763,4.5222,4.4394,4.4835,4.5022,4.4785,4.3942,4.2001,4.1423,4.187,4.1978,4.0026,3.7873,3.7282,3.9331,3.915,3.8214,3.7676,3.5853,3.6752,3.8036,3.6362,3.5973,3.5904,3.6285,3.8327,3.6642,3.4894,3.622,3.7398,3.918,3.9697,3.7035,3.8291,4.0136,4.0492,4.0465,4.1059,4.1177,4.0279,4.2469,4.3551,4.3931,4.7004,4.6034,4.5155,4.6706,4.5411,4.5973,4.7921,4.9185,5.0969,5.2726,5.368,5.2984,5.3346,5.4962,5.6761,5.5966,5.3697,5.2561,5.5401,5.7204,5.6733,5.4688,5.4187,5.4905,5.5755,5.5629,5.5728,5.5385,5.4685,5.4599,5.4457,5.4461,5.4705,5.4522,5.3129,5.067,4.8049,4.6851,4.6386,4.6041,4.6003,4.621,4.6327,4.6152,4.689,4.6471,4.5489,4.7608,4.9474,5.2201,5.6947,6.2123,6.3969,6.3505,6.4423,6.0686,5.3258,4.546,4.348,4.2445,4.0842,3.8886,3.9482,4.0651,4.1043,4.0581,3.8647,3.9043,168
3.3649,3.4968,3.4143,3.4025,3.1441,2.9825,3.1759,3.4815,3.4533,3.2831,3.3743,3.4451,3.4745,3.4999,3.5979,3.6581,3.7717,3.9557,3.9109,4.0239,4.2255,4.2929,4.4142,4.525,4.565,4.505,4.528,4.5315,4.4587,4.5568,4.6752,4.7927,4.9165,4.8085,4.7292,4.7357,4.5829,4.589,4.5729,4.3976,4.4605,4.4231,4.3294,4.4141,4.5492,4.4074,4.0139,3.9369,4.0134,4.0736,3.99,3.8435,3.7436,3.7135,3.6954,3.4821,3.4752,3.7696,3.6966,3.5242,3.398,3.4143,3.5948,3.552,3.3762,3.6083,3.5291,3.3773,3.4534,3.7316,3.8774,3.8139,3.6454,3.6532,3.8818,4.1433,3.9722,3.8429,3.8927,4.0967,4.2175,4.3122,4.3638,4.3176,4.4216,4.4103,4.2018,4.2445,4.6255,4.9874,4.9036,4.7504,4.8416,5.1714,5.3748,5.3173,5.2785,5.4692,5.5482,5.3507,5.1044,5.2389,5.3921,5.4015,5.242,5.0582,5.2092,5.4043,5.277,5.5387,5.5636,5.304,5.3973,5.3457,5.2501,5.2571,5.2676,5.0117,4.6508,4.582,4.5521,4.5155,4.4796,4.4949,4.6789,4.772,4.5139,4.4706,4.3166,4.1152,4.4044,4.6872,4.9434,5.2764,5.8346,6.3667,6.6247,6.4047,5.9171,5.1732,4.3195,3.8172,3.6999,3.7996,3.8486,3.6812,3.727,3.9899,3.8919,3.9186,3.995,183
0.51,1.382,1.974,1.855,1.27,0.188,0.76,1.075,2.153,2.002,1.689,2.712,2.615,1.186,0.817,0.555,1.248,2.817,1.908,1.663,1.808,1.091,2.056,3.042,3.111,2.501,1.487,0.722,0.705,1.517,1.631,1.724,2.983,1.895,1.336,2.226,2.379,1.91,1.723,2.205,1.314,0.915,1.025,0.683,0.446,0.668,1.207,1.244,0.521,0.056,0.279,0.308,0.155,0.719,2.933,1.16,0.13,1.432,1.187,0.893,0.998,1.449,1.613,1.694,1.867,2.172,0.863,0.22,1.517,1.221,0.784,0.969,1.945,1.737,1.798,2.409,1.759,1.222,0.817,0.379,0.482,0.554,0.866,2.143,2.397,1.628,0.669,1.474,2.146,1.986,1.048,0.812,0.825,1.006,1.835,1.107,0.528,1.539,1.657,0.714,0.505,3.365,2.906,1.701,1.73,1.434,2.391,3.112,1.9,2.213,2.258,1.409,0.64,0.87,1.149,0.876,2.122,2.806,2.103,0.359,0.955,1.797,1.417,0.877,0.853,1.094,0.994,0.424,0.392,1.073,1.102,0.916,1.845,0.062,1.731,2.02,0.968,1.994,1.327,0.962,1.93,1.701,0.357,0.968,0.847,0.46,1.534,1.802,1.868,1.648,1.057,73
1.062,1.493,2.53,2.314,2.507,2.244,1.265,2.312,2.258,1.421,1.398,1.715,1.784,1.439,1.015,1.334,1.993,2.42,2.301,2.133,2.143,2.414,2.945,3.593,3.868,2.986,2.277,1.998,1.907,0.974,1.318,2.664,3.499,2.78,2.215,2.489,2.701,2.958,2.578,1.422,1.445,1.889,2.548,3.316,2.16,1.927,3.455,3.861,2.261,1.053,2.253,2.424,1.588,1.173,3.104,2.536,1.39,1.434,2.187,2.996,2.824,1.249,1.239,1.79,2.069,1.687,1.306,1.76,2.906,1.894,1.467,1.939,2.35,1.909,1.733,2.175,2.263,2.209,2.156,2.089,1.188,1.532,3.045,3.967,3.842,2.751,1.472,2.074,2.564,2.475,2.094,2.554,2.446,1.794,2.424,2.106,1.482,1.527,2.113,1.571,1.459,4.641,4.363,2.234,0.742,1.893,3.068,3.338,2.684,2.334,2.268,2.213,1.731,1.845,2.198,2.344,2.642,2.722,2.374,1.595,1.237,1.113,1.177,2.047,2.193,1.722,1.343,1.255,1.29,1.404,1.726,1.893,1.465,0.636,1.746,2.125,1.634,1.793,2.018,2.256,2.275,1.239,0.453,0.449,1.091,0.189,0.252,1.681,1.842,1.587,1.212,93
1.059,1.245,1.571,2.296,2.25,1.358,0.338,1.436,1.41,0.761,1.282,1.928,1.312,0.278,1.805,1.633,1.594,3.01,2.754,1.655,1.024,2.058,3.563,3.89,2.87,2.021,2.746,3.124,1.875,1.386,2.272,3.641,3.954,3.351,3.441,3.895,1.918,2.014,2.933,2.708,1.619,1.553,2.177,1.99,1.723,2.112,2.846,2.061,1.161,1.081,1.955,1.433,1.012,1.57,3.105,1.621,0.396,1.414,2.072,2.539,2.506,1.848,1.62,1.708,1.932,2.075,0.696,0.099,1.658,2.441,2.529,2.226,2.052,2.328,2.933,3.354,2.625,1.644,1.106,1.27,1.017,1.12,1.627,2.031,2.465,2.74,2.723,2.349,3.259,3.914,2.244,1.034,1.014,1.937,2.612,2.826,2.726,2.611,2.945,2.093,1.137,2.499,2.939,2.835,2.902,3.602,3.658,3.101,2.506,2.34,2.834,3.404,2.69,2.641,2.745,2.432,2.854,2.992,2.259,0.654,1.018,1.304,0.625,1.668,1.25,0.736,2.225,2.304,1.109,0.006,1.377,1.881,1.269,0.562,2.447,3.667,3.311,2.216,1.254,1.04,1.493,1.304,0.982,0.451,0.323,0.066,1.075,2.096,1.105,0.403,0.623,91
3.9823,4.0993,3.8695,3.812,3.9052,3.894,3.7061,3.8938,4.011,4.0483,4.1561,4.2432,4.2507,4.2954,4.6413,4.5198,4.4778,4.8766,4.9049,4.9346,5.0771,5.3,5.3568,5.4488,5.5966,5.594,5.6682,5.7252,5.6627,5.5224,5.5169,5.6031,5.6179,5.5566,5.5996,5.7294,5.6687,5.3419,5.126,5.2641,5.2181,5.3131,5.3853,5.0882,5.0342,5.0846,5.0919,5.0294,4.8645,4.7187,4.6945,4.6446,4.5773,4.5052,4.441,4.373,4.2807,4.1941,4.2565,4.1943,4.0875,4.0927,4.0325,4.0718,4.1836,4.1462,4.0465,4.1099,4.3871,4.3926,4.4408,4.5554,4.6345,4.7582,4.7731,4.667,4.646,4.767,4.8979,4.9149,4.9727,4.8921,4.8722,5.3065,5.2095,5.1335,5.4505,5.662,5.7365,5.7536,5.8281,5.8479,5.955,6.1348,6.1794,6.1774,6.2367,6.4054,6.5577,6.417,6.1925,6.3404,6.2954,6.3129,6.5053,6.5061,6.6098,6.5614,6.1327,6.3242,6.371,6.1609,6.3762,6.4371,6.2621,6.021,6.3453,6.3299,5.9427,5.6932,5.4935,5.3975,5.4296,5.5693,5.46,5.3058,5.4058,5.2946,5.195,5.2392,5.4089,5.486,5.7414,6.3537,6.8451,7.2119,7.4629,7.5754,7.0111,6.0122,5.0223,4.6616,4.5229,4.454,4.3991,4.354,4.4929,4.6954,4.4643,4.3115,4.3663,249
2.587,3.27,3.369,4.026,3.864,2.833,1.759,3.082,3.894,3.858,3.781,3.929,4.043,3.867,3.219,2.327,2.261,3.263,3.061,3.534,3.838,2.623,2.989,4.076,4.736,3.947,3.601,3.444,2.982,2.257,2.804,3.969,4.219,4.287,4.47,4.64,4.207,3.419,2.841,2.799,2.65,2.786,3.197,3.503,2.208,1.758,2.784,2.58,2.257,2.14,2.323,2.74,3.053,3.459,4.368,3.721,2.774,2.564,2.771,2.829,2.509,1.889,1.601,2.284,3.377,3.185,1.119,0.032,1.652,3.159,3.457,2.88,2.534,2.309,2.949,3.874,2.602,1.645,1.771,2.623,1.463,1.635,3.022,2.99,3.042,3.277,3.465,3.07,2.735,2.643,2.739,2.716,2.642,2.694,3.113,2.839,2.433,2.589,3.279,2.216,1.2,3.936,4.345,3.674,3.475,3.987,4.125,3.709,3.039,2.837,3.286,3.624,2.21,1.869,2.61,3.572,3.418,3.215,2.883,1.848,2.196,2.588,2.333,2.891,2.913,2.621,2.507,1.112,0.408,0.758,0.53,0.964,1.607,2.004,3.027,3.891,4.008,3.116,2.743,2.599,2.223,1.331,0.603,0.272,0.306,0.289,0.909,1.95,1.99,1.577,0.987,135
3.5928,3.6177,3.6008,3.5224,3.7076,3.8196,3.6683,3.8021,3.9003,3.9065,3.8884,3.9633,3.954,3.9561,4.3402,4.4746,4.4205,4.3777,4.5073,4.7018,4.7927,4.669,4.7157,5.0455,5.3876,5.1198,5.1152,5.2079,5.1467,5.0669,5.1114,5.2758,5.4564,5.4943,5.4283,5.2977,5.1155,4.8694,4.8006,5.0028,4.9463,4.8717,4.9137,5.0791,4.8244,4.6653,4.8177,4.88,4.6772,4.5299,4.7,4.6099,4.4594,4.4089,4.523,4.2049,3.8839,3.8797,4.0181,4.0594,4.1007,4.2755,4.1756,4.1098,4.1555,4.1269,4.0356,3.9664,3.9977,4.1752,4.1709,4.1952,4.5925,4.5219,4.4569,4.5573,4.3684,4.4028,4.6051,4.76,4.6373,4.952,5.4363,5.1676,5.0014,5.0606,5.2561,5.3012,5.3563,5.4407,5.5375,5.7334,5.814,5.7875,5.9339,6.025,6.0451,6.0341,6.0554,5.9325,5.8227,6.0409,6.1435,6.1329,6.0514,5.8659,5.9708,6.1865,6.1848,6.1111,6.0806,6.1495,6.3012,6.2134,5.9724,5.783,5.9163,5.8583,5.606,5.4581,5.1949,4.9548,4.893,5.1527,5.1532,5.0815,5.2867,5.2846,5.292,5.329,5.1621,5.3516,5.7423,6.0981,6.5562,6.8782,7.1188,7.4479,6.9641,5.9634,4.9853,4.7181,4.5118,4.3201,4.3029,4.3971,4.6291,4.8383,4.6312,4.4067,4.3067,195
3.3572,3.2962,3.15,3.2794,3.529,3.6313,3.5145,3.6766,3.6869,3.6311,3.7517,3.8083,3.7895,3.7833,3.95,3.9943,4.0658,4.2553,4.2547,4.3489,4.5572,4.7525,4.6758,4.7599,4.999,4.8691,4.8148,4.7748,4.7022,4.9014,5.0329,5.0767,5.1431,5.0861,4.9205,4.7374,4.6987,4.8481,4.9441,4.7908,4.5081,4.556,4.8126,4.8421,4.7887,4.6317,4.4611,4.5566,4.377,4.1213,4.108,4.2564,4.2783,4.1386,3.9892,3.6848,3.664,3.9904,3.8381,3.7776,3.8433,3.8737,3.6824,3.5723,3.6158,3.6327,3.6164,3.7044,3.9511,4.1425,4.1321,3.9542,3.7866,4.0419,4.1268,3.9317,4.151,4.3174,4.4526,4.6176,4.5006,4.4583,4.5828,4.7415,4.7703,4.7342,4.7248,4.8073,4.8971,5.005,5.1518,5.1866,5.2779,5.4232,5.406,5.7102,5.914,5.6732,5.5833,5.6214,5.6856,5.6471,5.7785,5.8086,5.6584,5.7482,5.829,5.7877,5.6117,5.5581,5.5957,5.6816,5.7769,5.6337,5.4437,5.4416,5.7078,5.692,5.3466,4.9704,4.7428,4.7514,4.9258,4.949,4.9676,4.941,4.824,4.8895,4.843,4.7148,4.9218,4.9253,5.0054,5.4761,6.1638,6.7186,6.9469,6.7766,6.0803,5.1571,4.4121,4.4224,4.1204,3.7411,3.8913,4.0059,4.0795,4.1122,4.0621,3.9463,3.8939,181
5.0165,5.1453,4.7526,4.7797,4.8444,4.8762,4.8841,4.9544,4.9237,4.9491,5.2197,5.2236,5.2403,5.3956,5.5832,5.5791,5.6117,5.8257,5.9289,5.7992,5.7187,6.0349,6.249,6.4129,6.5131,6.433,6.5251,6.5575,6.3982,6.5588,6.5989,6.5803,6.7337,6.6848,6.5471,6.4015,6.2346,6.2664,6.3838,6.3796,5.992,5.8455,5.9884,6.1201,6.1885,6.1016,5.8712,5.6525,5.5517,5.431,5.2246,5.4878,5.5048,5.2685,5.2703,5.0554,4.8569,4.8523,4.9349,4.9573,4.9172,4.8766,4.8848,4.8999,4.8941,4.8586,4.7306,4.6479,4.7252,4.9347,5.0622,5.1407,5.2905,5.2265,5.2705,5.4417,5.257,5.5024,5.7638,5.5862,5.6612,5.8967,6.1154,6.1177,6.2262,6.3179,6.2835,6.1502,6.319,6.6737,6.8541,6.412,6.4588,7.0894,7.1286,7.3447,7.4148,7.1181,7.4053,7.3074,7.0218,7.3808,7.3802,7.2403,7.2073,7.2678,7.3327,7.3392,7.2624,7.2032,7.1246,7.0661,7.1522,7.2663,7.2467,7.0401,6.9264,6.9774,6.8906,6.2551,6.1278,6.1221,6.0111,6.2797,6.183,6.0165,6.2517,6.0472,5.9313,6.0656,6.117,6.3402,6.7504,7.2638,7.6992,7.9745,8.0777,8.0222,7.4719,6.6642,5.8792,5.2858,5.0197,4.9635,4.9248,5.0668,5.1665,5.088,4.8354,4.9199,5.0083,372
4.2186,4.2479,4.373,4.463,4.4018,4.2992,4.3031,4.5676,4.569,4.4449,4.5676,4.791,4.8499,4.8188,5.1119,5.1748,5.2407,5.4578,5.3038,5.4188,5.686,5.7177,5.6847,5.8545,6.1255,6.005,5.9162,6.0266,6.2777,6.1523,6.0717,6.1303,6.2238,6.0547,5.9276,5.9271,5.8012,5.9058,5.9818,5.8126,5.795,5.6574,5.5428,5.7426,5.6641,5.4811,5.3728,5.4008,5.1109,4.8883,5.0993,5.0707,4.9461,4.8439,4.8383,4.822,4.6268,4.303,4.3377,4.442,4.5206,4.5324,4.394,4.2065,4.1891,4.619,4.6545,4.5576,4.6457,4.781,4.6921,4.5462,4.6753,4.7905,4.9756,5.1233,4.8111,4.8188,5.0198,5.1101,5.1653,5.1778,5.2554,5.548,5.5901,5.6913,5.9711,5.8681,5.8254,5.9118,6.0352,6.0403,6.0732,6.2277,6.5069,6.695,6.6764,6.4906,6.5559,6.606,6.6001,6.6284,6.5084,6.5574,6.8392,6.8228,6.7766,6.6979,6.5583,6.6677,6.7516,6.731,6.7701,6.6883,6.5998,6.5948,6.4853,6.3277,6.0757,5.682,5.7486,5.7924,5.5821,5.6409,5.6341,5.6691,5.8868,5.7538,5.5033,5.3422,5.3891,5.7382,6.2333,6.7076,7.2132,7.5454,7.688,7.7217,7.2722,6.414,5.4439,4.9644,4.7563,4.6616,4.5654,4.6488,4.6862,4.5958,4.5091,4.6178,4.7689,283
0.544,1.48,1.651,0.688,0.455,0.417,0.189,1.259,1.824,1.713,1.465,1.132,1.013,1.132,1.208,1.032,1.575,2.831,1.656,0.435,0.054,0.216,1.205,2.134,2.442,1.932,1.683,1.309,0.556,0.368,1.087,2.367,3.231,1.099,0.291,1.85,2.056,1.441,1.336,2.196,0.766,0.632,1.514,1.099,0.416,1.005,2.293,0.473,0.509,0.045,1.405,1.34,1.277,1.548,1.6,1.239,0.064,1.611,0.15,1.103,1.035,0.064,1.138,1.956,1.397,0.508,0.106,0.423,1.218,1.577,1.078,0.727,1.818,1.795,1.725,1.961,1.386,0.673,0.007,0.428,0.033,0.654,1.318,2.32,2.935,2.35,0.863,1.066,1.872,2.317,1.731,1.353,0.879,0.672,1.927,2.24,1.881,1.681,2.167,1.192,0.405,3.159,3.191,1.898,1.202,2.1,2.302,1.793,1.39,1.334,1.579,2.009,2.462,2.495,1.929,1.059,1.321,2.309,2.465,0.098,0.026,0.642,0.857,1.497,0.698,0.016,1.219,0.842,0.171,1.111,1.866,0.277,1.714,0.009,1.773,2.338,1.105,0.304,0.849,1.5,1.425,1.442,0.003,1.636,1.449,0.599,0.395,1.144,1.398,0.324,0.386,74
3.8946,3.76,3.6389,3.6534,3.8482,3.8331,3.5462,4.0559,4.0732,3.8108,3.9982,4.2006,4.298,4.2873,4.2699,4.2674,4.3212,4.4423,4.5635,4.7668,4.9211,4.8876,5.0793,5.2815,5.4077,5.559,5.4732,5.3867,5.4341,5.1206,5.2009,5.5351,5.6007,5.5955,5.3583,5.0479,5.2282,5.3938,5.3184,4.9934,4.8031,4.9327,5.153,5.0622,5.1043,5.135,5.0325,4.7998,4.7141,4.6143,4.3503,4.3322,4.4094,4.4706,4.4427,4.2605,4.1386,4.1531,4.0179,4.0905,4.1918,4.0597,4.0488,4.127,4.2184,4.2221,3.9952,3.9128,4.1606,4.1514,4.161,4.2418,4.3396,4.4085,4.4993,4.5699,4.4306,4.5954,4.8407,4.8574,4.8509,4.8163,4.8734,5.1892,5.3245,5.298,5.2221,5.2339,5.3139,5.4578,5.6206,5.5193,5.5448,5.8312,6.1599,6.2616,6.2252,6.2107,6.3001,6.1047,5.8496,6.0783,6.1807,6.2084,6.22,6.0977,6.1292,6.2206,6.1997,6.3036,6.3863,6.3909,6.3773,6.1961,6.0495,6.0866,6.0576,5.9322,5.7986,5.7776,5.4389,5.1726,5.2131,5.3241,5.3347,5.2561,5.1918,5.27,5.2679,5.1772,5.2497,5.4974,5.8764,6.3161,6.7656,7.047,7.2051,7.3695,6.785,5.8545,5.0745,4.7992,4.6074,4.4081,4.2568,4.2845,4.36,4.3877,4.3437,4.2565,4.2192,233
4.3709,4.3459,4.1745,4.2357,4.3365,4.3477,4.2651,4.3982,4.2885,4.1937,4.5368,4.7482,4.6912,4.4899,4.4976,4.6016,4.8737,5.2489,5.2168,5.3345,5.5294,5.5291,5.6798,5.7238,5.6287,5.6534,5.7993,5.8608,5.7448,5.782,5.8954,5.9973,6.0027,5.9554,5.8516,5.7044,5.5519,5.6446,5.6622,5.3875,5.35,5.4988,5.6818,5.7043,5.6479,5.4688,5.2372,5.2074,5.19,5.0892,4.8998,4.8446,4.8449,4.8079,4.6687,4.8193,4.7449,4.3203,4.4569,4.3714,4.1706,4.1982,4.3164,4.3961,4.3947,4.3608,4.3526,4.4147,4.5287,4.5281,4.5217,4.5788,4.7274,4.837,4.9459,5.0122,4.8565,4.9241,4.9991,4.8421,4.8292,5.1143,5.5484,5.7603,5.6679,5.4405,5.3214,5.6545,5.8433,5.8219,5.7947,6.1951,6.4804,6.4961,6.6115,6.6711,6.6954,6.7384,6.8682,6.8144,6.6177,6.5191,6.5338,6.5161,6.4439,6.5808,6.7327,6.7336,6.5215,6.519,6.5377,6.5628,6.7936,6.775,6.6373,6.5681,6.4908,6.3435,6.1482,5.9614,5.5508,5.3229,5.4811,5.7425,5.6572,5.4725,5.5988,5.7024,5.6097,5.4336,5.5855,5.8964,6.2605,6.6467,7.2938,7.6187,7.6347,7.7163,7.3885,6.5601,5.4814,4.9737,4.6572,4.493,4.5341,4.7537,4.7671,4.5481,4.5414,4.5671,4.6047,302
3.65,3.5717,3.4598,3.4816,3.6915,3.7443,3.5116,3.6423,3.6299,3.5904,3.8039,3.8277,3.9385,4.1143,3.9886,3.9585,4.1053,4.3394,4.3086,4.3227,4.4481,4.6208,4.6814,4.7796,4.9803,5.2201,5.2432,5.1025,4.966,5.1064,5.2731,5.3426,5.2658,5.009,5.0665,5.3493,5.0174,4.8295,4.882,5.0076,4.7335,4.5262,4.516,4.6293,4.9382,4.9845,4.646,4.3658,4.3334,4.455,4.5397,4.4743,4.2332,4.014,4.1143,3.9863,3.8473,3.8653,3.902,3.7957,3.6747,3.7062,3.6274,3.5936,3.6682,3.7959,3.7768,3.8179,4.0265,4.0026,4.1119,4.3135,4.3838,4.3546,4.3053,4.2713,4.2157,4.2596,4.3202,4.3183,4.4116,4.5618,4.7181,4.8247,4.8843,4.8451,4.7538,4.8925,4.9839,5.0492,5.1974,5.3426,5.4535,5.5271,5.5885,5.5679,5.5783,5.7299,6.0428,5.93,5.6631,5.9577,5.8482,5.6469,5.6439,5.7715,5.9412,6.0304,5.9406,5.6884,5.7967,6.1642,6.0104,5.8506,5.7274,5.6424,5.8462,5.7029,5.3558,5.3628,5.0358,4.8348,4.9635,4.8707,4.7907,4.8924,5.2258,5.325,5.1089,4.8102,4.9623,5.1242,5.2755,5.5674,6.4518,7.0628,7.2079,7.1388,6.487,5.4526,4.4611,4.2627,4.2,4.1268,4.0961,4.1642,4.2809,4.315,4.0469,4.0072,4.1281,195
4.219,4.2071,4.2188,4.3858,4.4532,4.4003,4.3267,4.5245,4.5327,4.5103,4.7573,4.637,4.699,5.0406,5.2021,5.2493,5.2529,5.2814,5.3609,5.5978,5.71,5.4073,5.4425,5.7163,5.9825,5.9354,6.2374,6.3184,5.8594,5.9177,6.2311,6.3932,6.0652,6.0288,6.0798,6.0192,5.7739,5.7237,5.852,5.9807,5.742,5.7533,5.8403,5.4903,5.5481,5.6257,5.4847,5.3174,5.1302,5.0156,5.0341,5.0712,5.0662,5.0467,5.0802,4.8662,4.6708,4.6718,4.7219,4.7341,4.6816,4.5909,4.5837,4.5942,4.5806,4.5323,4.2943,4.3105,4.7913,5.0733,5.0666,4.9816,5.12,5.0518,4.9678,5.014,5.1935,5.3005,5.3362,5.3585,5.3808,5.4,5.482,5.7096,5.6833,5.7667,6.0707,5.8927,5.8342,5.9727,6.1534,6.1107,6.1434,6.3922,6.7639,6.9756,7.0092,6.9426,6.8831,6.8975,6.9566,6.9605,6.8159,6.6535,6.5817,6.606,6.7634,6.8348,6.6366,6.6855,6.8329,6.8726,6.5979,6.5244,6.6103,6.7099,6.8367,6.6658,6.304,6.1178,6.0706,5.9664,5.7705,5.8028,5.8187,5.8142,5.8312,5.6616,5.6315,5.751,5.6557,5.9394,6.3235,6.5791,7.4168,7.9033,7.9174,7.8624,7.3148,6.4914,5.7117,5.3333,5.0632,4.8771,4.8351,4.8998,4.9211,4.8875,4.9675,4.9166,4.798,283
3.323,3.648,3.213,3.465,3.39,3.111,2.9,2.807,2.815,3.118,3.816,4.02,3.793,3.14,1.99,1.967,2.981,4.232,4.136,4.387,4.316,2.911,3.74,4.583,4.426,4.089,4.115,3.875,3.1,3.224,3.61,3.964,4.132,3.819,3.714,4.016,4.205,3.851,3.467,3.541,3.759,3.466,3.075,3.442,3.267,3.52,4.205,3.514,3.044,2.912,2.834,2.69,2.555,2.989,4.55,3.475,1.959,1.834,2.497,3.661,4.372,3.701,1.639,1.694,3.667,3.643,3.085,2.179,1.435,2.958,3.422,2.899,2.955,2.365,2.248,2.743,2.351,2.426,3.158,4.011,2.913,2.693,3.46,3.344,3.915,4.286,3.799,2.859,3.166,4.221,4.674,4.285,3.765,3.428,3.046,4.019,4.201,2.374,3.218,3.036,2.417,4.276,5.079,4.709,3.948,4.405,4.378,3.925,3.68,3.635,4.676,5.778,3.979,4.112,4.655,3.926,4.542,4.723,3.911,2.528,2.612,2.522,1.624,2.193,2.102,2.158,3.462,2.693,1.408,0.698,0.779,2.363,3.203,2.021,3.046,3.501,3.146,3.375,3.527,3.303,2.684,2.138,1.311,0.639,0.653,0.346,1.291,3.21,3.334,2.725,2.287,177
2.892,2.576,2.772,3.927,4.351,3.219,1.348,3.376,3.681,2.591,2.737,3.754,3.139,1.465,2.516,3.012,3.187,3.59,3.758,3.673,3.393,3.076,3.077,3.746,4.564,4.147,4.087,3.407,1.883,2.816,4.3,5.013,4.279,3.815,4.317,5.12,4.087,3.425,3.253,3.173,2.778,3.005,3.484,3.266,3.579,3.875,3.842,3.835,2.741,2.12,3.285,3.654,3.474,3.363,3.966,2.816,2.286,3.355,2.901,2.767,2.712,2.193,2.931,3.037,2.327,2.405,1.871,1.586,2.329,3.818,3.027,1.559,2.748,3.644,3.821,3.528,3.612,3.209,2.58,2.228,2.304,2.778,3.7,5.014,4.637,3.659,3.066,2.386,3.111,4.165,3.779,2.677,2.569,3.62,4.144,3.626,3.031,3.323,4.363,3.44,2.513,5.686,5.342,4.169,4.252,3.789,4.432,4.969,3.875,3.7,3.978,4.217,4.099,3.685,3.642,4.154,3.359,3.561,4.304,3.647,3.52,3.389,2.871,2.439,2.267,2.548,3.206,3.005,1.895,0.733,1.225,2.002,2.403,2.33,2.953,3.6,3.772,3.228,3.156,3.516,3.756,2.602,1.304,0.925,1.941,1.689,1.788,2.543,2.23,2.261,2.499,146
0.756,0.582,0.769,1.543,1.8,1.417,1.021,2.865,2.342,0.712,1.115,0.904,0.93,1.024,0.158,0.188,1.516,2.549,1.933,1.894,1.972,0.975,1.014,1.87,2.659,2.056,1.343,0.686,0.149,0.168,0.835,1.589,1.671,1.397,1.496,2.077,2.445,1.423,0.223,0.086,0.391,0.667,0.846,1.059,0.704,1.07,1.925,0.454,0.298,0.104,0.458,1.174,1.196,1.151,2.402,1.136,0.209,0.05,0.315,0.943,1.384,1.056,0.674,0.624,0.899,1.108,0.578,0.008,0.005,0.467,0.145,0.191,0.983,2.474,2.711,1.412,0.047,0.256,0.94,0.611,0.392,0.876,0.26,1.383,2.775,2.89,1.764,1.383,1.442,1.629,1.553,0.88,0.529,0.727,0.815,1.071,1.594,2.11,1.198,0.468,0.713,1.927,2.046,1.902,2.041,1.67,1.31,1.248,1.482,0.865,0.999,1.789,1.206,1.048,1.142,1.133,1.605,1.643,1.209,0.834,0.574,0.649,1.003,1.063,0.995,0.859,0.618,0.288,0.606,0.183,0.187,0.249,0.468,0.12,1.081,1.558,1.365,1.409,1.797,1.477,0.326,0.581,0.173,0.988,0.11,0.52,0.618,0.306,0.052,0.272,0.121,82
4.3568,4.3422,4.1719,4.4406,4.4828,4.4038,4.4188,4.6373,4.6062,4.4449,4.4764,4.5563,4.6073,4.6595,4.8418,4.9232,5.0109,5.1734,5.1749,5.3912,5.6879,5.7682,5.8536,5.9801,6.1206,6.1937,6.142,6.0551,6.0205,6.0242,6.027,6.0972,6.2831,6.1131,5.9989,6.0758,6.0417,5.9366,5.8616,5.8651,5.7642,5.7061,5.6922,5.6369,5.4592,5.5122,5.7581,5.511,5.2699,5.2397,5.4015,5.2268,5.0267,4.9233,4.8656,4.5923,4.6333,5.0264,4.5958,4.4469,4.5155,4.4118,4.3235,4.371,4.4447,4.2425,4.3798,4.5497,4.5193,4.7932,4.8142,4.7281,4.9407,4.9943,5.0169,5.0303,4.827,4.9118,5.1466,5.2869,5.4465,5.5354,5.5983,5.7635,5.8257,5.9789,6.2189,5.9442,5.9692,6.1966,6.2462,6.3601,6.5161,6.7327,7.085,6.9366,6.7662,6.9776,6.8145,6.6229,6.6209,6.8881,7.0085,6.9398,6.786,6.8137,6.8979,6.9612,6.9408,6.7806,6.7289,6.8438,6.9565,6.9553,6.8209,6.6278,6.6598,6.5448,6.2633,6.0205,5.8472,5.6859,5.5665,5.7336,5.7881,5.785,5.9027,6.0207,5.9792,5.7873,5.6478,5.9997,6.5473,6.9695,7.5519,7.8902,7.966,7.9848,7.5051,6.5777,5.5612,5.3343,4.9688,4.6511,4.8422,4.8682,4.9094,4.9268,4.5301,4.6294,4.8519,299
3.9655,3.9335,3.8149,3.7151,3.7991,3.9026,3.9171,4.0786,4.1764,4.1721,4.137,4.322,4.339,4.1727,4.2346,4.2874,4.5005,4.8907,4.8919,4.8914,4.8633,4.7101,5.0242,5.3092,5.3898,5.5303,5.4817,5.3755,5.3617,5.4195,5.4954,5.544,5.5342,5.4702,5.5115,5.5912,5.3593,5.4388,5.4473,5.0686,4.9412,5.0549,5.2521,5.2931,5.1355,5.0158,5.0149,4.9335,4.7713,4.6935,4.7908,4.6865,4.4511,4.2633,4.3283,4.2113,4.2083,4.443,4.5177,4.311,4.0361,3.9743,3.9726,4.0478,4.1664,4.2326,3.9375,3.8591,4.2855,4.2432,4.4441,4.7097,4.5342,4.3847,4.4934,4.7465,4.5877,4.6372,4.7274,4.6509,4.9148,5.1475,5.2261,5.2299,5.1043,5.0385,5.1409,5.2945,5.4099,5.4999,5.6133,5.6923,5.8626,6.115,6.2736,6.2384,6.2362,6.3814,6.1337,5.9618,6.0061,6.1638,6.262,6.1411,5.9102,6.1905,6.2871,6.1796,6.0908,6.1346,6.1846,6.1648,6.0768,6.1405,6.1478,5.9501,5.8784,5.9847,6.0063,5.5666,5.3265,5.161,5.0075,5.1371,5.303,5.3848,5.3464,5.3623,5.2397,5.0902,5.37,5.412,5.5409,6.0994,6.7768,7.0126,6.9816,7.261,6.8439,5.8776,4.8707,4.7656,4.5441,4.3043,4.4497,4.4388,4.4196,4.4494,4.4098,4.3907,4.3414,240
0.141,0.404,0.7,1.484,1.638,0.962,0.008,0.82,0.715,0.045,0.269,0.868,1.162,1.054,1.06,0.529,0.628,1.794,1.743,1.395,1.177,1.312,1.882,2.107,1.811,1.548,1.011,0.78,1.134,1.075,1.146,1.474,1.835,0.894,0.985,2.174,1.399,0.478,0.127,0.437,0.338,0.687,1.044,0.486,0.73,1.102,1.083,0.786,0.692,0.307,0.559,0.181,1.123,1.633,1.698,0.735,0.067,0.164,1.353,1.201,0.836,1.865,1.188,0.914,1.6,1.985,1.021,0.013,0.171,1.828,1.998,0.804,0.016,0.06,1.04,1.936,0.503,0.794,1.37,0.245,0.691,0.271,0.871,0.935,2.003,1.885,0.001,0.505,1.129,1.378,1.313,0.426,0.266,0.799,0.076,1.241,2.312,1.479,1.636,0.658,0.073,2.425,2.81,2.258,2.151,2.604,2.486,1.809,1.062,0.52,1.431,2.719,0.947,1.124,1.876,1.492,2.01,2.04,1.391,0.697,0.619,0.964,1.281,0.851,0.505,0.549,1.001,1.538,1.309,0.453,0.226,0.739,1.032,0.525,0.784,1.108,1.152,0.905,1.296,1.273,0.452,0.47,0.064,0.647,0.249,0.71,0.974,0.492,0.779,0.162,0.196,55
2.744,2.749,2.006,3.618,3.739,2.989,2.674,3.56,2.978,1.836,2.288,3.651,4.007,3.112,2.578,2.345,3.109,4.5,3.071,2.28,2.311,2.235,3.947,4.782,3.982,3.273,3.775,3.938,2.861,3.087,3.544,4.336,5.635,4.232,3.665,4.625,3.609,3.251,3.767,4.452,3.613,2.464,2.141,3.291,3.064,2.644,2.586,1.769,1.794,2.672,3.673,3.249,2.45,2.345,3.605,2.553,1.879,3.03,3.175,3.486,3.501,2.684,2.823,3.011,2.999,3.27,2.194,1.333,1.865,2.248,2.839,3.055,2.229,2.412,2.858,2.862,2.136,2.747,3.753,3.675,2.305,2.102,3.272,4.185,3.781,2.66,1.766,2.035,4.042,5.214,2.932,2.224,2.552,3.054,2.988,3.022,3.15,3.25,3.481,2.45,1.674,3.914,3.877,3.346,3.775,4.185,4.734,5.041,4.651,3.554,3.051,3.251,2.932,3.248,3.538,3.165,2.755,2.843,2.924,2.042,1.968,2.056,1.835,1.753,1.741,1.839,2.064,2.317,1.53,0.388,1.507,2.907,3.014,1.618,2.67,2.618,1.626,2.174,2.489,2.468,2.278,2.168,1.828,1.297,0.858,1.232,2.198,3.147,3.118,2.152,1.345,143
0.342,0.267,0.888,1.938,2.088,1.006,0.581,0.436,0.555,0.081,0.66,1.278,1.514,1.368,1.244,1.163,1.102,0.956,0.343,0.83,1.592,1.126,0.813,1.897,3.434,2.262,1.512,0.882,0.031,0.13,0.581,1.193,1.972,1.698,1.523,1.82,1.736,0.872,0.432,1.052,0.272,0.01,0.664,1.564,1.235,0.992,1.317,0.952,1.356,1.386,0.242,1.473,1.782,1.071,1.459,0.455,0.613,0.528,0.749,1.434,1.075,0.108,0.396,0.658,0.593,0.982,0.552,0.254,0.532,1.135,1.418,0.841,1.539,1.898,1.789,1.29,0.577,0.059,0.11,0.491,0.063,0.215,0.216,1.284,1.786,1.352,0.453,1.033,1.633,1.501,0.437,0.209,0.202,0.099,0.219,0.047,0.322,0.508,1.112,0.581,0.24,2.643,2.404,1.126,0.762,2.252,2.571,1.919,1.547,1.233,0.289,0.363,1.817,1.978,1.057,0.686,0.083,0.522,1.076,0.142,0.371,1.014,0.821,1.4,0.601,0.033,1.652,1.507,0.141,1.661,0.316,0.431,0.112,0.618,0.082,0.199,0.023,0.994,1.416,1.534,1.668,1.628,0.423,1.007,1.134,0.258,0.891,1.558,1.025,0.637,0.343,71
2.17,2.312,2.326,2.088,3.598,3.511,0.59,1.879,2.609,2.469,2.833,3.238,3.13,2.434,1.634,1.781,2.403,2.792,2.456,2.745,3.248,3.096,3.985,4.23,3.747,4.392,4.274,3.556,2.768,2.093,2.099,2.961,4.334,4.196,3.458,2.958,3.065,2.913,2.947,3.446,3.156,2.689,2.386,2.405,2.721,3.182,3.444,2.893,2.376,2.078,2.042,2.621,2.905,2.91,3.232,2.443,1.116,0.201,0.808,2.229,2.95,1.966,2.443,2.722,2.454,2.746,1.607,1.139,2.613,3.05,2.886,2.733,3.093,2.198,2.177,3.122,1.799,1.453,2.161,2.836,1.255,1.844,4.064,3.811,3.318,3.287,3.675,3.272,3.314,3.314,2.412,1.583,1.611,2.216,1.956,2.157,2.514,2.558,2.655,1.639,0.993,3.385,4.898,4.585,3.12,3.305,4.615,5.174,3.349,1.796,2.346,3.919,2.519,2.059,1.966,1.447,2.264,3.612,3.85,1.414,0.991,1.832,2.58,2.178,1.532,1.537,2.589,2.464,1.547,0.843,1.783,2.262,1.93,1.349,2.801,2.044,0.382,2.283,2.157,2.008,2.958,1.999,1.111,0.764,0.818,0.907,1.527,2.476,2.62,1.896,1.582,126
1.856,1.861,1.918,2.766,3.035,2.204,0.853,1.926,2.477,2.09,1.654,2.756,3.449,2.974,2.141,1.284,1.449,2.754,2.834,2.204,1.795,2.484,3.221,3.665,3.602,2.941,2.734,2.48,1.876,2.127,2.724,3.381,3.857,3.602,3.133,2.651,1.85,2.216,2.833,2.57,1.349,1.801,2.819,1.685,2.246,2.747,2.302,2.256,1.806,1.469,1.825,2.363,2.318,1.958,2.217,2.005,1.805,1.935,1.929,2.216,2.461,2.179,1.444,1.57,2.386,2.242,0.994,0.543,1.896,2.791,2.407,1.481,1.465,1.953,2.91,3.628,2.443,2.49,2.466,0.945,0.865,1.484,2.319,3.118,3.875,3.564,2.116,1.654,1.974,2.402,2.19,1.823,2.279,3.14,2.405,1.943,1.734,1.56,2.213,1.748,1.316,3.539,3.922,3.233,2.783,3.577,4.12,3.653,2.186,2.047,2.422,2.652,2.475,2.246,2.027,2.01,3.07,4.14,3.782,1.013,1.605,2.751,2.288,1.357,1.523,2.369,2.756,2.593,1.611,0.403,0.472,1.503,2.419,2.492,2.938,1.882,0.628,2.177,2.844,2.173,1.059,2.455,1.491,0.371,0.108,0.13,0.577,1.53,1.771,1.696,1.6,119
2.652,1.952,0.874,2.262,3.172,2.646,1.34,3.191,2.37,0.534,1.622,1.921,1.72,1.427,1.279,0.973,1.006,1.667,2.428,2.563,2.298,2.287,2.506,3.865,5.113,2.812,2.03,1.718,0.719,1.315,2.689,3.758,3.594,3.548,3.287,2.718,2.22,2.664,2.659,1.402,1.745,1.645,1.317,2.071,2.845,2.89,2.275,2.219,1.807,1.607,2.055,1.429,1.145,1.778,2.967,1.796,0.391,0.487,1.655,2.599,2.382,0.88,0.799,1.134,1.354,1.569,0.47,0.106,1.704,2.71,2.566,1.978,2.155,2.062,2.294,2.62,1.454,1.469,1.92,1.501,0.435,0.863,2.645,3.835,3.389,2.594,2.446,2.479,2.816,2.754,1.695,1.485,1.829,2.434,3.189,2.726,1.837,1.583,2.159,1.902,1.495,2.804,2.937,2.583,2.704,4.01,3.719,2.724,2.821,2.572,2.751,3.325,3.286,3.007,2.199,1.265,3.326,5.002,4.639,2.178,1.308,1.253,1.145,1.202,1.045,1.171,2.013,1.98,0.545,0.87,1.097,2.148,1.851,1.1,1.87,2.243,2.196,2.829,2.433,1.897,1.719,0.727,0.524,0.811,0.696,0.646,1.351,2.301,1.49,1.238,1.402,139
3.8474,3.8505,3.8313,3.7577,3.8576,3.8992,3.7743,3.94,4.1429,4.2617,4.2558,4.2349,4.1725,4.1631,4.4113,4.3615,4.3657,4.6688,4.7772,4.7307,4.722,4.9423,5.031,5.1449,5.2883,5.2621,5.1551,5.1123,5.183,5.1126,5.17,5.3242,5.3888,5.1874,5.1618,5.3292,5.1278,5.1226,5.2408,5.2557,4.9229,4.8356,4.9669,4.9484,4.9283,4.7719,4.5266,4.5501,4.4963,4.3695,4.2772,4.3339,4.2608,4.1272,4.2187,4.08,3.8662,3.7998,4.0903,4.1513,4.0415,4.0031,3.862,3.7878,3.8218,3.8622,3.9168,3.8507,3.6653,3.7938,3.8551,3.9312,4.2484,4.3206,4.3703,4.5191,4.6585,4.4532,4.2154,4.2947,4.4322,4.6631,4.8665,4.8427,4.98,5.0502,4.9166,4.7894,5.1153,5.499,5.3802,5.471,5.6189,5.7282,5.8354,5.9159,5.923,5.8642,5.9592,5.807,5.6153,5.8904,5.8235,5.7603,5.858,5.5969,5.5889,5.7529,5.788,5.6699,5.609,5.6885,5.8304,5.7527,5.596,5.5411,5.557,5.6226,5.5408,5.0909,4.9653,4.8666,4.6635,4.8106,4.8636,4.8621,4.9629,4.9608,4.8269,4.669,4.7288,5.0175,5.4617,5.935,6.2647,6.4082,6.4704,6.6129,6.4559,5.8032,4.8122,4.2558,4.135,4.1316,3.8966,3.9954,4.2071,4.3155,4.188,3.8805,3.725,219
2.215,2.334,2.411,3.057,3.457,2.607,0.88,2.384,2.547,1.543,1.419,1.956,2.307,2.189,1.994,2.237,2.806,3.236,2.432,2.445,2.48,1.23,2.689,3.817,3.358,2.648,2.3,2.023,1.616,1.71,2.907,4.105,3.761,3.696,3.434,2.733,1.893,2.576,3.177,2.287,1.529,2.424,3.693,2.784,1.438,1.839,3.491,1.855,1.198,1.684,2.218,1.61,1.334,2.149,3.839,1.893,0.422,1.711,1.993,2.554,2.774,2,2.7,1.725,0.201,1.414,1.041,0.974,2.893,2.651,2.18,1.962,1.827,1.778,2.628,3.68,2.049,1.95,2.166,0.92,0.101,1.229,3.107,2.829,3.766,3.989,2.438,1.362,2.072,2.962,1.9,1.666,2.385,3.087,1.838,2.109,2.834,2.603,2.647,2.219,2.323,4.506,3.573,2.581,3.385,3.525,2.914,2.516,3.279,3.497,2.884,2.055,2.436,2.697,2.613,2.422,3.114,2.862,1.601,0.523,1.147,2.131,2.241,1.047,0.911,1.411,1.339,1.701,0.755,1.038,0.668,1.13,1.979,0.718,1.449,2.565,2.817,1.534,1.751,2.318,2.237,2.158,1.605,0.899,0.544,0.138,0.717,2.752,2.672,1.778,0.875,126
2.806,3.144,2.302,2.615,2.72,2.111,1.299,3.152,4.044,3.814,3.746,3.777,3.619,3.304,3.216,3.151,3.068,3.063,3.523,4.09,4.125,3.3,3.897,4.747,4.985,4.437,4.253,3.643,2.389,2.998,4.348,4.896,3.587,4.381,5.174,4.773,3.821,4.505,4.722,2.955,2.89,3.264,3.704,4.203,3.487,3.284,4.15,4.451,2.993,1.821,2.846,3.772,2.78,1.292,2.642,2.465,2.197,2.728,2.06,3.225,4.629,3.826,3.138,2.801,2.862,3.207,2.033,1.447,2.73,2.955,2.612,2.234,2.363,2.721,3.352,3.82,2.99,2.778,3.449,4.302,2.816,2.592,3.919,4.54,4.675,4.806,5.039,4.432,4.591,4.716,3.581,3.366,3.888,4.587,4.688,4.116,3.832,4.427,4.676,2.938,1.587,4.719,5.341,4.678,4.267,4.021,4.15,4.359,4.19,3.288,3.374,4.536,4.999,4.638,4.279,4.518,4.401,4.534,4.296,2.698,3.17,3.551,2.743,3.127,2.654,2.352,3.586,3.306,2.349,1.519,1.304,2.548,3.105,1.774,2.871,3.421,3.271,3.969,3.245,2.318,2.159,2.308,1.833,1.172,1.181,1.29,1.731,2.372,2.583,2.62,2.405,144
3.395,3.582,3.66,4.739,5.041,4.127,2.782,4.245,4.784,4.411,4.564,4.54,4.558,4.745,5.045,4.398,4.323,5.524,5.336,4.658,4.212,4.548,5.246,6.193,6.701,5.544,4.788,4.432,4.15,4.023,4.242,4.842,5.621,5.504,5.168,4.943,4.534,4.769,4.808,4.142,4.619,4.977,4.781,4.243,4.645,5.295,5.316,3.885,3.062,2.96,3.104,3.242,3.455,3.986,4.955,3.399,2.545,4.023,4.688,4.612,3.898,3.068,4.033,4.25,3.394,3.48,2.613,2.945,5.151,3.793,3.119,3.678,4.194,4.189,4.856,5.638,3.301,2.879,3.828,4.257,3.478,3.554,4.391,4.385,5.381,5.598,4.302,3.917,5.29,6.677,5.772,4.123,3.259,3.81,5.325,5.067,4.326,4.611,4.79,3.821,3.075,5.016,6.115,5.932,5.022,4.939,4.91,4.563,3.926,4.501,5.422,5.774,4.821,4.949,4.813,3.434,3.726,4.375,4.472,3.564,3.172,3.086,3.158,3.928,3.917,3.695,4.163,3.61,2.118,0.848,1.95,3.491,4.012,3.222,4.216,4.445,3.901,4.185,4.364,4.039,3.208,2.448,2.144,2.15,2.15,2.452,2.973,3.478,3.593,2.365,1.813,183
3.7317,3.7995,3.8032,3.7999,3.8684,3.8573,3.7348,3.9138,4.0386,4.0223,3.9451,4.13,4.2403,4.2616,4.5449,4.543,4.4878,4.5924,4.5924,4.711,4.8639,4.8945,5.1076,5.1998,5.1407,5.2377,5.2815,5.2089,5.1134,5.4674,5.5907,5.4698,5.3911,5.2139,5.1068,5.1119,5.0881,5.1026,5.1038,5.0384,4.9118,4.9051,4.9779,4.9696,4.9391,4.8549,4.7157,4.5741,4.4687,4.4402,4.498,4.5766,4.4925,4.3548,4.4349,4.1606,3.9037,3.9364,4.0866,4.1368,4.0703,3.9661,3.9027,3.87,3.8691,3.9111,3.818,3.859,4.1475,4.1377,4.2107,4.3211,4.2641,4.2625,4.3998,4.5829,4.4977,4.4775,4.4978,4.4833,4.5587,4.6194,4.7449,5.1062,5.1908,5.0885,4.9633,4.8969,5.0691,5.3917,5.6366,5.5099,5.4968,5.7141,5.794,5.8896,6.0379,6.1809,6.0079,5.9502,6.0273,5.9874,5.7531,5.7236,6.0064,6.051,6.0277,6.0015,6.0104,6.0687,6.0831,6.0469,6.0477,5.7817,5.6051,5.7834,5.867,5.7397,5.4498,5.1754,5.115,5.1733,5.1898,4.9411,4.8753,5.0582,5.3317,5.2135,5.0002,4.9195,5.057,5.206,5.5189,6.0962,6.6252,7.0118,7.1888,7.1075,6.6323,5.759,4.7702,4.5039,4.4415,4.3925,4.3043,4.2855,4.3066,4.3217,4.2775,4.2646,4.2463,203
1.367,1.366,2.478,3.276,2.635,1.603,1.517,3.516,3.212,1.684,1.921,2.212,2.435,2.569,2.581,1.653,1.467,2.831,3.151,2.828,2.444,2.6,2.796,4.116,5.253,2.452,2.268,2.604,1.279,1.115,1.729,2.709,3.557,3.873,4.608,5.291,3.63,3.222,2.863,1.415,1.792,1.998,1.915,2.405,2.752,3.087,3.244,2.474,1.427,1.089,1.904,2.064,1.462,1.127,2.519,1.872,1.019,1.267,1.194,2.124,3.269,3.255,1.805,0.491,0.177,0.828,0.868,0.685,0.887,1.527,2.191,2.79,3.307,2.847,2.745,3.037,1.655,1.34,2.198,3.06,0.776,0.393,2.339,3.407,2.848,2.41,2.941,2.339,2.856,3.523,2.613,1.689,2.169,3.325,2.076,1.606,2.012,2.572,2.601,1.17,0.274,3.074,3.938,3.274,2.38,2.535,3.695,4.328,3.145,3.49,3.776,3.478,3.51,3.283,2.869,2.515,2.553,2.888,2.854,1.668,1.105,1.437,2.332,2.831,2.338,1.727,1.985,1.18,0.142,0.269,0.602,1.562,1.631,0.885,2.698,3.115,2.214,2.653,3.055,2.793,1.796,0.813,0.505,0.734,0.925,0.215,0.941,2.664,1.245,0.469,0.92,98
0.777,0.499,0.16,0.712,0.792,0.138,1.407,0.38,1.51,1.138,0.043,0.412,0.721,0.399,0.181,0.234,0.295,1.871,1.272,0.643,0.62,0.999,0.42,1.214,2.779,1.208,1.087,0.962,0.517,0.994,0.058,1.674,2.259,1.95,2.101,2.367,0.24,0.411,1.379,1.035,0.307,0.289,0.159,0.991,1.02,0.9,0.899,0.352,0.58,0.195,0.062,0.502,0.918,1.154,1.41,0.97,2.058,0.142,0.396,0.771,1.053,1.015,0.342,0.045,0.472,1.176,0.297,0.213,0.841,0.481,0.569,1.076,1.151,1.02,1.334,1.637,0.139,0.557,0.137,0.284,1.425,1.059,0.648,1.535,2.152,1.756,0.419,0.163,0.828,1.281,0.378,0.205,0.145,0.445,1.056,0.589,0.179,0.325,0.069,0.135,0.255,0.514,0.686,0.33,0.08,1.867,2.519,1.642,0.546,1.295,2.154,2.019,0.801,0.764,0.822,0.027,0.03,0.766,1.193,0.215,0.127,0.691,1.271,1.424,0.044,1.242,0.001,0.733,0.121,1.674,1.073,0.358,0.085,0.143,0.727,0.605,0.146,1.389,0.922,0.378,1.25,0.806,1.287,1.653,0.277,0.746,0.395,1.124,0.73,1.095,1.102,89
1.739,3.113,3.93,4.451,3.845,2.913,2.626,3.785,2.855,1.549,2.985,3.58,3.165,2.386,2.442,3.003,3.097,2.468,3.128,2.895,2.425,3.169,3.157,3.688,4.537,3.647,3.231,2.787,1.908,2.102,2.083,2.418,4.058,4.156,4.003,4.077,3.412,3.879,4.248,3.305,2.131,2.159,2.755,2.305,2.253,2.879,3.733,3.496,2.622,2.394,3.464,3.167,2.651,2.717,3.627,3.053,2.269,2.22,2.103,2.482,2.914,2.781,2.519,1.884,1.598,3.134,1.837,0.79,2.326,2.668,2.126,1.497,1.73,1.96,2.548,3.209,2.616,1.992,2.091,2.825,1.362,1.205,2.797,4.11,4.106,3.42,2.792,2.439,3.041,3.684,3.186,3.025,2.851,2.486,2.097,2.7,3.03,2.277,3.073,2.713,1.898,3.192,3.868,3.971,3.835,3.536,4.172,4.591,3.411,2.657,3.253,4.428,3.743,2.678,2.589,3.914,4.621,3.706,2.174,2.135,2.509,2.393,1.861,2.942,2.301,1.391,2.517,2.335,1.705,1.215,0.881,2.056,2.565,1.181,2.703,3.191,2.711,3.768,3.738,2.993,2.147,1.395,0.646,0.275,0.619,0.475,2.101,4.333,1.498,0.975,1.763,110
0.666,0.318,1.43,2.345,2.26,0.953,0.698,0.67,0.841,0.468,1.723,2.23,1.912,1.268,1.171,0.451,0.758,2.547,1.808,1.049,1.285,2.436,1.809,1.32,1.688,1.916,2.127,1.573,0.332,1.197,1.788,1.913,2.281,1.975,2.103,2.445,0.995,1.182,1.995,1.848,0.703,1.465,2.946,2.021,1.312,1.371,1.857,1.455,1.621,1.357,0.013,0.885,0.998,0.415,1.364,1.201,1.186,1.81,0.821,1.016,1.247,0.107,0.607,0.961,0.69,1.801,0.588,0.658,0.161,1.62,2.005,1.4,0.884,0.83,1.223,1.518,0.514,0.408,1.135,1.822,1.158,0.882,1.324,1.699,2.016,2.027,1.706,1.543,1.047,0.851,1.571,1.139,0.155,1.03,0.63,0.74,0.412,1.15,1.512,1.391,1.564,3.037,2.739,2.237,2.543,2.416,2.636,2.439,1.122,1.215,1.775,2.081,1.891,1.329,0.916,1.06,1.597,2.246,2.362,1.339,1.215,1.345,1.219,1.301,1.378,1.177,0.603,0.786,0.056,1.404,1.207,0.028,1.056,1.285,1.342,1.32,1.333,1.46,1.337,1.29,1.476,1.585,0.815,0.072,0.529,0.17,0.344,1.169,0.937,1.47,1.862,74
3.6707,3.4761,3.3425,3.3811,3.4279,3.4383,3.433,3.5288,3.6616,3.7448,3.7235,3.7875,3.9049,4.0376,4.1569,4.1626,4.2045,4.3537,4.3371,4.4119,4.5274,4.5553,4.7957,4.936,4.8825,4.8345,4.9133,5.0255,5.0767,5.1147,5.1889,5.245,5.1857,4.9841,4.9173,4.9735,4.7631,4.8795,4.9619,4.7203,4.8387,4.8595,4.7108,4.5684,4.6626,4.6982,4.5473,4.4175,4.4066,4.3524,4.1455,4.2128,4.196,4.0954,4.1526,4.0039,3.8944,3.9431,3.845,3.8014,3.8764,4.0162,3.8274,3.6545,3.6537,3.7426,3.6552,3.6041,3.7615,3.952,3.9363,3.8655,4.0344,4.1545,4.2411,4.2838,4.192,4.2977,4.4167,4.3309,4.2426,4.4337,4.7434,4.7212,4.8025,4.8122,4.6775,4.7154,5.0371,5.2271,4.904,5.2686,5.676,5.7605,5.6358,5.6337,5.6534,5.6091,5.8872,5.8972,5.695,5.7238,5.7076,5.6555,5.6111,5.6211,5.574,5.5783,5.7472,5.7736,5.7481,5.7157,5.648,5.6401,5.6555,5.6454,5.6254,5.6201,5.4464,4.8883,4.749,4.766,4.7348,4.8477,4.9962,5.0151,4.8278,4.955,5.0766,4.9994,4.741,4.7388,5.0747,5.6605,6.2463,6.6914,6.9833,7.1366,6.3382,5.2492,4.4965,4.2099,4.1121,4.0852,4.0708,3.9787,4.0556,4.2203,3.9568,3.9074,3.9371,198
1.126,1.489,1.266,1.691,1.807,1.09,0.096,2.209,2.192,0.551,0.166,1.602,1.785,0.606,1.238,1.206,1.15,1.6,1.098,1.744,2.386,1.185,1.497,2.81,3.784,2.642,1.742,1.197,0.797,0.845,1.171,1.73,2.372,1.841,1.743,2.204,1.262,0.815,0.777,0.784,1.177,1.729,1.966,1.45,1.183,1.219,1.438,1.66,0.971,0.346,0.79,1.24,1.03,0.648,1.245,1.017,0.643,0.801,1.491,1.977,2.214,2.319,1.789,0.781,0.238,1.624,1.173,0.36,0.904,2.487,2.55,1.498,1.169,1.42,2.025,2.28,0.866,0.357,0.646,0.916,0.731,1.148,2.036,2.392,2.611,2.758,2.525,0.629,0.265,1.093,1.419,0.833,0.555,0.884,0.928,1.737,1.989,0.931,1.554,0.994,0.288,2.415,2.553,2.08,2.235,2.378,2.669,2.576,1.766,2.331,2.283,1.302,1.086,1.199,1.345,1.49,2.577,2.779,1.866,0.753,0.579,1.073,1.575,1.067,1.037,1.226,0.866,0.082,0.183,0.017,0.499,0.695,1.507,0.4,1.329,1.518,0.926,1.22,1.078,0.737,0.633,1.36,0.622,0.875,1.365,1.076,0.268,1.893,1.736,1.276,0.891,96
4.0533,4.0637,4.1249,4.0959,4.0057,4.0154,4.1564,4.0342,4.121,4.3445,4.4368,4.5393,4.4689,4.3379,4.5636,4.7474,4.9491,5.1672,4.9776,4.8816,4.9603,5.1012,5.2517,5.4801,5.7278,5.7933,5.7464,5.6666,5.6352,5.7371,5.7932,5.7642,5.7123,5.8723,5.9369,5.7495,5.4059,5.5381,5.736,5.559,5.2936,5.2522,5.3827,5.4228,5.4039,5.3833,5.3199,5.0071,4.9456,5.0434,5.0608,4.9279,4.7555,4.6672,4.7499,4.6124,4.4454,4.3645,4.1395,4.2207,4.3137,4.0648,4.3292,4.3352,4.0612,4.2585,3.9946,3.925,4.4663,4.5921,4.5888,4.5655,4.565,4.6204,4.7241,4.8099,4.7353,4.8444,4.9886,4.9897,5.0969,5.3415,5.5278,5.3692,5.7451,5.8449,5.3351,5.4375,5.6036,5.7667,5.9785,6.029,6.0316,6.0768,6.1996,6.4007,6.5359,6.5154,6.5323,6.515,6.4532,6.3909,6.5466,6.5099,6.2274,6.4952,6.6228,6.5062,6.2994,6.3176,6.5071,6.6758,6.5236,6.2777,6.2154,6.4256,6.3985,6.4331,6.3356,5.7199,5.4895,5.4872,5.5025,5.5135,5.4851,5.4936,5.603,5.5803,5.382,5.1547,5.2311,5.3605,5.747,6.5077,7.2254,7.5166,7.5132,7.633,7.1862,6.2437,5.1982,4.8844,4.6725,4.5707,4.7204,4.5561,4.5827,4.8461,4.7277,4.5741,4.4949,271
4.4482,4.3603,4.2515,4.6352,4.6219,4.3984,4.3302,4.6691,4.8022,4.7685,4.8453,4.817,4.8216,4.9043,4.9925,5.2553,5.4122,5.3105,5.3304,5.463,5.6467,5.791,5.8693,6.0904,6.3692,6.2965,6.1535,6.0082,5.9514,6.2999,6.4991,6.4006,6.1317,6.1147,6.3122,6.4535,6.0613,5.86,5.8618,5.9069,5.9052,5.8281,5.7141,5.6344,5.5278,5.5636,5.6937,5.5177,5.194,5.1041,5.4043,5.1502,4.8812,4.7445,4.5974,4.7439,4.8394,4.7075,4.67,4.7475,4.7842,4.6206,4.4627,4.4651,4.5598,4.4773,4.4268,4.5252,4.7588,4.8271,4.8839,5.009,5.2007,5.1096,5.0625,5.1947,5.2884,5.2148,5.1447,5.2441,5.2853,5.5065,5.7684,5.6849,5.5766,5.6773,5.9876,6.0598,6.067,6.1474,6.3636,6.3266,6.3857,6.6288,6.7852,6.6273,6.6432,7.1279,7.2185,6.9767,6.7306,6.9098,6.9883,6.8962,6.7309,6.7842,6.8746,6.8596,6.6911,6.76,6.8445,6.8938,7.0712,6.9682,6.7666,6.7088,6.8014,6.7883,6.5747,6.2005,5.8545,5.7176,5.7981,5.8049,5.8564,5.8561,5.7124,5.7616,5.7387,5.6351,5.7612,5.9647,6.2676,6.7196,7.3985,7.7926,7.8912,7.9668,7.2733,6.3703,5.6919,4.9874,4.7537,4.8412,4.8576,4.7357,4.6511,4.6984,4.8443,4.6937,4.6283,305
4.1984,4.1748,4.2549,4.4872,4.4706,4.2948,4.1973,4.5637,4.5156,4.2625,4.3988,4.6662,4.8628,4.9046,4.8431,4.8798,4.9595,5.0402,5.2705,5.5473,5.704,5.6362,5.7833,5.9855,6.08,5.9688,6.013,6.0121,5.8349,5.8755,5.994,6.082,6.0547,5.9292,5.814,5.7615,5.743,5.7571,5.7127,5.5906,5.6664,5.6364,5.5542,5.6275,5.4762,5.2573,5.1454,5.2531,5.2426,5.2041,5.2538,5.0909,4.8683,4.7528,4.8672,4.8096,4.5905,4.3518,4.3545,4.4739,4.5678,4.5198,4.4033,4.3668,4.3687,4.1962,4.215,4.4677,4.8233,4.9121,4.7314,4.6091,4.9095,4.8575,4.8601,5.0412,4.9734,5.0384,5.0627,4.8947,5.0246,5.3526,5.7061,5.8689,5.7501,5.521,5.4216,5.7847,6.0237,6.0353,5.9649,6.1729,6.28,6.264,6.5628,6.6557,6.6573,6.7193,6.5898,6.4728,6.4751,6.5918,6.3701,6.2262,6.4021,6.6091,6.7443,6.779,6.7084,6.3458,6.3992,6.8476,6.8465,6.5515,6.3518,6.4695,6.3998,6.4246,6.3757,5.8944,5.6662,5.5734,5.4859,5.467,5.4187,5.4885,5.7893,5.7606,5.5607,5.3736,5.3567,5.7883,6.2661,6.4901,7.1235,7.3573,7.2155,7.2435,7.046,6.4014,5.4254,4.8295,4.6703,4.7218,4.6628,4.6144,4.6485,4.7158,4.6194,4.5562,4.601,282
4.6348,4.4485,4.4364,4.9187,4.9378,4.7114,4.6239,4.8196,5.0245,5.0356,4.8117,5.0055,5.2848,5.393,5.2611,5.4407,5.6592,5.6834,5.8444,5.9231,5.9746,6.1318,6.2335,6.3173,6.4003,6.4628,6.5969,6.631,6.4782,6.4134,6.4759,6.5743,6.5505,6.3103,6.2871,6.4755,6.2851,6.2002,6.2336,6.2561,6.0311,6.0383,6.1737,6.0435,5.9334,5.9291,5.9811,5.8745,5.7105,5.5269,5.3639,5.3241,5.3123,5.2976,5.284,5.0348,4.8263,4.8576,5.0641,5.0165,4.8215,4.7628,4.8717,4.9339,4.8901,4.8484,4.7448,4.8143,5.136,5.2538,5.235,5.1817,5.2187,5.3743,5.5204,5.6139,5.7555,5.7316,5.7392,5.9085,5.6181,5.7139,6.1163,6.0871,6.175,6.2129,6.135,6.3385,6.3351,6.2925,6.5365,6.7185,6.7501,6.7877,7.2305,7.36,7.2717,7.2158,7.2767,7.0936,6.8988,7.2072,7.1568,7.0821,7.2055,7.24,7.1711,7.1093,7.1809,7.2785,7.3531,7.3712,7.3152,7.2683,7.0966,6.8034,6.9797,7.189,7.0524,6.3615,6.1803,6.1569,6.035,6.1312,6.1038,6.0727,6.2487,6.3789,6.3611,6.2326,6.1756,6.3799,6.8164,7.3601,7.8366,8.1237,8.2618,8.3507,7.7921,6.8686,5.9895,5.5516,5.3458,5.2292,5.0991,5.0531,5.0123,4.9934,5.1455,5.1442,5.095,356
4.1911,4.1721,4.1041,4.0326,4.0807,4.1246,4.1019,4.2607,4.3589,4.3623,4.3525,4.5211,4.553,4.4922,4.7693,4.8089,4.853,5.0772,5.0435,5.0843,5.1901,5.2441,5.4535,5.6168,5.6458,5.6139,5.5736,5.6348,5.7989,5.7437,5.82,5.9228,5.7851,5.6269,5.7438,5.9724,5.5998,5.3757,5.3905,5.5092,5.436,5.3748,5.3674,5.3598,5.3522,5.2497,5.0907,5.1249,5.0627,5.0025,5.0651,5.0289,4.878,4.7009,4.6346,4.4124,4.2666,4.3624,4.6262,4.6782,4.6036,4.6059,4.4856,4.3082,4.2163,4.3881,4.3334,4.23,4.2883,4.4466,4.4947,4.5066,4.6575,4.667,4.8038,5.0586,4.9712,4.8521,4.9122,5.149,4.8249,4.8557,5.2559,5.3629,5.3445,5.39,5.5583,5.6128,5.6518,5.7057,5.7871,5.922,6.1247,6.3173,6.3264,6.5067,6.5886,6.389,6.5169,6.4508,6.2794,6.4383,6.5934,6.5095,6.235,6.3165,6.5089,6.5629,6.3313,6.2678,6.287,6.3702,6.5935,6.4429,6.1643,6.0899,6.2698,6.2729,6.0454,5.798,5.7512,5.6148,5.336,5.4561,5.4873,5.4973,5.6484,5.465,5.3624,5.4404,5.3951,5.6588,6.1389,6.6288,7.0043,7.3202,7.5648,7.6491,7.163,6.2981,5.409,4.9984,4.7343,4.599,4.6321,4.5196,4.5411,4.6829,4.5148,4.5442,4.5909,279
1.141,0.601,1.187,2.29,2.284,1.641,1.194,1.464,1.556,1.477,1.641,2.439,2.094,0.789,0.843,1.277,1.895,2.264,0.734,1.117,1.995,0.611,1.677,2.798,2.659,1.79,2.045,2.342,1.643,0.718,1.085,2.302,2.972,2.836,2.494,2.111,1.207,1.533,2.02,1.616,1.591,1.367,1.514,2.874,2.808,2.278,1.82,0.662,0.351,0.408,0.188,0.908,1.195,1.406,2.82,1.195,0.016,1.155,1.631,1.897,1.984,1.829,1.018,1.348,2.611,2.559,0.942,0.089,1.298,1.931,1.061,0.445,2.438,2.401,2.419,2.936,1.196,1.187,2.166,2.316,0.929,0.882,2.054,2.141,2.601,2.063,0.479,1.562,2.251,2.1,1.651,0.931,1.139,2.04,1.732,2.273,2.498,1.501,1.743,1.44,1.179,2.685,2.726,2.02,1.624,2.21,3.224,3.33,1.672,1.291,2.23,3.317,2.379,1.944,1.977,1.956,1.679,2.102,2.37,0.883,0.87,1.308,1.095,0.121,0.382,1.657,1.708,1.217,0.355,0.26,0.451,1.392,1.566,0.754,1.03,1.607,2.09,2.344,2.223,1.584,0.764,1.253,0.201,0.912,0.359,0.973,0.994,0.779,0.751,0.701,1.34,97
3.043,3.015,3.924,4.944,4.205,2.482,1.487,4.19,4.09,2.338,2.847,3.783,4.01,3.586,3.762,3.756,3.644,3.627,3.808,4.129,4.2,3.665,3.155,3.79,5.203,5.397,3.567,2.358,3.324,2.844,3.696,5.259,5.434,4.019,3.007,3.394,4.651,5.133,4.833,4.178,3.177,3.782,5.053,4.646,3.999,3.715,3.905,4.124,2.968,2.265,3.499,2.977,2.88,3.57,3.921,2.725,2.52,3.916,2.592,2.169,2.879,3.644,3.226,3.159,3.734,3.838,1.949,0.845,2.304,3.327,3.256,2.66,2.69,2.768,3.975,5.295,2.61,2.6,3.62,2.88,2.524,3.246,4.316,4.143,4.822,4.893,3.862,4.502,4.516,3.856,3.283,2.816,2.94,3.367,2.95,3.389,4.243,4.747,4.924,4.395,4.168,5.632,3.994,3.258,5.351,6.165,6.501,5.921,4.23,4.014,4.463,4.66,3.864,3.828,4.398,4.915,4.675,3.999,3.244,2.756,2.371,2.347,2.863,4.056,3.471,2.218,2.274,2.276,1.751,1.238,2.298,3.672,3.712,2.154,3.531,3.94,3.179,3.467,4.112,4.003,3.001,3.222,2.253,1.016,1.312,1.627,2.198,2.79,2.451,1.664,1.462,158
3.4978,3.5383,3.5714,3.7592,3.7696,3.6417,3.5316,3.6783,3.9186,3.9944,3.7684,4.0883,4.261,4.096,4.0536,4.3395,4.5305,4.4099,4.6631,4.6988,4.609,4.7216,4.8384,4.9565,5.0585,5.1027,5.243,5.3136,5.2221,5.2617,5.29,5.3381,5.4724,5.4355,5.3258,5.2574,5.3166,5.1918,4.9774,4.8751,5.1394,5.042,4.7163,4.7333,4.6733,4.7295,4.9125,4.8751,4.5705,4.2881,4.2928,4.344,4.3498,4.3469,4.4372,4.2955,4.088,3.9744,3.9556,3.9955,4.0699,4.1157,3.8122,3.8265,4.1107,3.8993,3.732,3.8716,4.2674,4.199,4.0757,4.1278,4.4219,4.4414,4.5078,4.6973,4.6315,4.6498,4.7848,4.9447,4.8876,5.0205,5.2726,5.238,5.2056,5.1959,5.1863,5.1348,5.203,5.3241,5.3693,5.4123,5.6899,6.0695,6.0001,5.9931,6.0314,6.0206,6.0389,6.0155,5.9772,6.0031,5.9888,6.0865,6.2363,5.8706,5.9177,6.1474,6.0614,6.203,6.2731,6.1789,6.0988,6.0224,5.9118,5.7896,5.9259,5.8855,5.7016,5.6627,5.3884,5.0843,4.9921,5.3321,5.2899,5.1112,5.2791,5.195,5.1101,5.1487,5.2365,5.2862,5.4595,5.9166,6.6815,7.127,7.2276,7.3059,6.521,5.5884,5.0496,4.6324,4.4268,4.3327,4.2117,4.1635,4.238,4.3513,4.2614,4.1293,4.1036,191
3.093,2.614,1.189,0.931,1.881,2.022,0.745,2.378,2.687,1.501,0.599,1.939,2.672,2.063,1.967,1.598,2.001,3.281,2.169,2.178,2.651,1.793,2.992,3.911,3.654,3.368,2.21,1.199,1.171,1.402,2.494,3.195,2.011,2.288,2.788,2.961,3.599,2.621,1.798,2.643,3.051,1.755,0.621,2.593,2.867,2.71,2.76,1.66,0.626,0.651,1.923,2.078,1.418,1.083,2.375,1.039,0.158,0.532,0.85,1.305,1.641,1.495,0.894,1.458,2.59,1.607,1.168,1.428,2.128,3.568,3.458,2.299,1.845,1.237,1.745,2.787,0.968,1.644,2.638,1.111,0.206,0.176,1.554,1.725,2.078,2.32,2.077,1.093,1.818,2.982,2.334,1.659,0.697,0.058,0.836,1.044,0.874,1.144,2.327,1.897,0.654,1.403,3.644,3.851,1.558,2.85,3.587,3.004,1.788,1.805,2.125,2.191,2.05,2.049,2.114,2.129,2.142,2.719,2.866,1.014,0.194,0.62,1.678,2.032,1.792,1.566,1.895,1.621,0.726,0.162,0.179,1.254,1.772,1.157,1.842,1.878,1.524,2.333,2.492,2.551,2.729,1.745,1.27,0.767,0.592,0.257,1.465,1.844,1.507,1.163,1.141,165
3.9854,4.0134,3.8082,4.0294,4.0225,3.9191,3.9138,3.9331,4.0304,4.1041,4.0543,4.2225,4.3327,4.331,4.4408,4.6619,4.844,4.8647,4.7108,4.8526,5.1339,5.1687,5.0831,5.17,5.3964,5.3743,5.5499,5.5855,5.3002,5.3821,5.5294,5.6777,5.8265,5.6568,5.5349,5.5704,5.4834,5.298,5.2182,5.3392,5.2827,5.1675,5.0668,5.042,5.2775,5.3273,5.038,4.7829,4.702,4.76,4.8319,4.7471,4.5529,4.4165,4.5316,4.3406,4.1961,4.2829,4.1901,4.1481,4.149,4.1186,4.0693,4.0665,4.1236,4.1952,4.1424,4.1192,4.2215,4.2281,4.2256,4.2751,4.4151,4.6111,4.6813,4.6287,4.7269,4.7232,4.7181,4.8342,4.9037,4.983,5.0963,5.2312,5.2642,5.2161,5.1643,5.2544,5.3814,5.5193,5.6645,5.7727,5.9324,6.0924,6.0391,6.2005,6.3248,6.1742,6.0849,6.0481,6.1241,6.3615,6.2745,6.1429,6.1408,6.0121,6.3101,6.5545,6.1621,6.1555,6.2323,6.269,6.4079,6.2765,6.0833,6.0716,6.1884,6.1162,5.8638,5.6522,5.5099,5.4303,5.3713,5.2331,5.1953,5.2486,5.315,5.3827,5.3538,5.2281,5.1221,5.3725,5.8743,6.4117,6.844,7.1255,7.2482,7.2216,6.9359,6.2053,5.1895,4.7744,4.4262,4.2672,4.5184,4.4954,4.5225,4.6773,4.6374,4.3967,4.2299,251
1.413,1.39,1.668,3.259,3.355,2.188,1.081,2.563,2.974,2.109,1.427,2.288,2.936,2.771,2.652,1.767,1.955,3.639,2.211,1.738,2.088,1.685,2.174,2.982,3.5,3.302,2.91,2.438,1.904,1.126,2.005,3.79,4.499,3.761,3.628,4.217,3.031,2.642,2.203,1.082,1.973,2.874,3.115,2.786,1.009,1.135,3.263,2.007,1.007,1.01,1.658,1.589,1.383,1.55,2.32,1.597,0.755,0.873,1.471,2.132,2.493,2.345,1.93,1.794,1.81,1.233,1.053,1.308,1.717,1.749,1.375,1.336,2.322,1.465,1.429,2.616,1.552,1.661,2.215,1.785,0.57,1.163,2.844,2.577,2.244,2.411,2.765,1.32,1.589,2.475,1.697,1.628,1.92,2.101,1.784,1.757,2.061,2.512,3.071,1.799,0.628,3.275,4,3.682,3.462,3.153,3.529,3.703,2.686,2.408,2.871,3.3,2.295,2.663,2.862,1.782,2.993,3.279,2.297,1.529,1.072,1.304,2.083,2.322,2.277,1.982,1.536,1.66,1.266,0.351,0.219,1.239,1.747,0.931,2.681,2.377,0.98,2.663,1.88,1.187,2.048,1.237,0.836,0.71,0.169,0.41,1.315,2.22,1.933,1.622,1.15,102
2.757,2.828,2.415,3.219,3.513,3.119,2.458,2.68,2.363,2.047,2.736,2.795,2.51,2.201,2.06,1.552,1.955,3.481,2.633,2.73,2.88,1.237,2.084,3.506,4.006,3.173,3.024,2.65,1.627,2.814,3.341,3.409,4.313,3.81,3.468,3.801,3.629,3.141,2.509,2.042,2.461,2.575,2.297,2.208,2.537,2.581,2.189,2.187,2.312,2.263,1.992,2.613,2.181,1.446,2.771,2.13,1.111,1.105,1.453,2.626,3.305,2.272,2.092,2.657,3.271,2.844,1.2,0.823,2.753,2.917,2.802,2.544,1.876,2.075,2.498,2.56,2.014,2.223,2.543,2.162,1.863,1.807,2.266,3.45,4.029,2.972,0.893,1.729,3,3.707,3.549,3.232,2.919,2.724,2.735,2.855,2.549,1.818,2.882,2.421,1.698,4.233,3.782,2.732,3.049,3.821,3.332,2.618,3.181,2.759,2.796,3.508,3.584,3.104,2.525,2.454,3.818,3.705,2.357,1.986,2.726,2.96,2.253,2.968,2.289,1.531,2.538,1.25,0.186,0.435,1.044,2.637,3.351,2.225,3.106,3.253,2.64,2.901,2.195,1.635,1.845,1.582,1.441,1.405,1.268,0.974,1.426,2.261,1.483,0.942,1.044,143
1.114,1.434,1.581,2.341,2.603,1.816,0.657,2.836,3.452,2.17,0.939,2.079,2.933,2.21,0.614,1.296,2.671,2.94,2.414,1.747,1.344,1.45,2.246,2.936,2.973,2.231,2.222,2.191,1.437,0.595,1.65,3.386,3.335,2.47,2.525,3.456,2.982,2.453,2.08,1.724,0.821,0.962,1.856,2.152,1.796,1.521,1.699,2.036,1.55,0.951,1.066,1.137,0.503,0.233,2.136,0.672,0.316,1.28,1.469,2.063,2.508,1.901,1.599,1.47,1.507,1.836,1.078,0.646,1.642,3.093,2.772,1.914,2.926,2.24,2.192,3.158,2.04,1.729,1.943,1.675,0.473,0.297,1.593,3.394,3.052,1.745,0.987,1.715,2.492,2.442,1.354,1.359,1.555,1.508,1.584,2.151,2.16,1.107,1.389,0.963,0.692,2.832,3.456,2.852,2.111,2.744,3.169,2.599,1.067,1.164,1.878,2.329,2.085,2.692,2.834,1.637,1.598,2.117,2.346,1.533,1.968,2.382,2.059,2.25,2.05,1.852,2.133,1.212,0.233,0.148,0.028,0.749,1.482,1.625,1.787,1.839,1.926,2.292,2.164,1.713,1.345,1.779,1.256,0.786,1.873,1.683,1.045,1.015,2.583,2.494,1.808,94
2.839,2.48,1.84,3.711,3.066,1.457,1.161,2.903,3.161,2.277,2.183,2.817,3.137,2.749,2.08,1.79,2.351,3.569,3.836,3.867,3.334,2.001,2.718,4.24,5.098,4.063,3.105,2.744,2.819,2.094,3.135,4.804,4.543,3.565,3.617,4.365,2.927,2.478,2.976,3.361,1.733,2.048,3.735,3.799,3.122,2.999,3.341,1.88,0.976,1.295,2.577,3.379,2.537,1.507,3.159,2.934,1.757,1.158,2.292,3.007,3.137,3.177,2.915,2.867,3.073,3.043,1.941,1.446,2.445,2.371,2.786,3.09,2.026,1.463,2.035,3.106,2.488,2.567,2.899,2.541,1.508,2.425,4.111,2.923,3.176,3.211,2.218,3.275,3.549,3.082,2.904,2.872,2.669,2.446,2.891,3.352,3.491,3.173,2.63,1.509,1.277,3.985,5.233,4.661,3.276,3.447,4.442,4.858,3.614,3.017,3.378,3.905,2.855,3.083,3.374,2.576,2.662,3.283,3.17,0.982,0.908,1.792,2.417,2.983,1.652,0.642,2.476,2.509,1.72,1.073,1.107,1.815,1.962,1.139,2.731,3.42,3.07,3.561,3.267,2.655,2.357,2.896,2.298,1.054,0.589,1.173,1.727,1.807,1.911,1.69,1.797,144
2.104,3.095,3.394,4.294,3.96,3.326,3.386,3.886,3.687,3.258,3.619,4.378,4.61,4.071,3.317,2.965,3.389,4.24,3.424,3.723,4.322,3.424,3.623,4.828,5.823,4.535,3.713,3.537,3.625,3.674,4.18,4.95,5.417,4.898,5.065,5.701,4.08,3.389,3.67,4.01,2.921,3.05,4.179,4.503,4.319,3.949,3.719,3.971,2.485,1.617,3.477,4.108,3.509,3.093,4.798,3.957,2.796,3.04,3.449,3.834,3.904,3.534,3.244,3.584,4.301,4.348,2.803,2.314,4.111,3.772,3.638,3.846,3.593,3.174,3.455,4.034,2.668,3.3,4.445,3.974,3.356,2.854,3.048,4.526,5.25,4.738,3.581,4.072,4.285,4.239,4.336,2.445,2.189,4.159,5.055,4.263,3.824,5.11,5.018,4.445,4.036,4.261,5.536,5.397,3.456,3.887,4.827,5.34,4.949,4.16,4.39,5.338,4.864,4.133,4.32,5.582,4.839,4.944,5.071,2.669,2.513,3.306,3.546,2.825,2.621,3,3.473,3.936,3.127,1.633,2.095,3.32,3.652,2.534,3.424,3.787,3.636,4.487,3.854,3.903,5.118,2.929,1.886,1.765,0.909,0.959,2.377,3.996,2.781,2.25,2.529,123
